# MagicaVoxel @ Ephtracy

# group
o 

# material
mtllib BlackSmithHouse.mtl
usemtl palette

# normals
vn -1 0 0
vn 1 0 0
vn 0 0 1
vn 0 0 -1
vn 0 -1 0
vn 0 1 0

# texcoords
vt 0.306641 0.5
vt 0.369141 0.5
vt 0.373047 0.5
vt 0.537109 0.5
vt 0.974609 0.5
vt 0.978516 0.5
vt 0.982422 0.5
vt 0.986328 0.5

# verts
v 0 3.7 -2.3
v 0 3.7 -5.7
v 0 3.8 -2.3
v 0 3.8 -2.5
v 0 3.8 -3.3
v 0 3.8 -4.8
v 0 3.8 -5.6
v 0 3.8 -5.7
v 0 3.9 -2.5
v 0 3.9 -2.8
v 0 3.9 -3.3
v 0 3.9 -3.6
v 0 3.9 -4.5
v 0 3.9 -4.8
v 0 3.9 -5.3
v 0 3.9 -5.6
v 0 4 -2.8
v 0 4 -3.1
v 0 4 -3.6
v 0 4 -3.9
v 0 4 -4.2
v 0 4 -4.5
v 0 4 -5
v 0 4 -5.3
v 0 4.1 -3.1
v 0 4.1 -3.4
v 0 4.1 -3.9
v 0 4.1 -4.2
v 0 4.1 -4.7
v 0 4.1 -5
v 0 4.2 -3.4
v 0 4.2 -3.7
v 0 4.2 -4.4
v 0 4.2 -4.7
v 0 4.3 -3.7
v 0 4.3 -4.4
v 0.1 2 -2.5
v 0.1 2 -2.8
v 0.1 2 -5.2
v 0.1 2 -5.5
v 0.1 2.3 -2.5
v 0.1 2.3 -2.8
v 0.1 2.3 -5.2
v 0.1 2.3 -5.5
v 0.1 3.5 -2.5
v 0.1 3.5 -2.8
v 0.1 3.5 -5.2
v 0.1 3.5 -5.5
v 0.1 3.7 -2.5
v 0.1 3.7 -2.8
v 0.1 3.7 -5.2
v 0.1 3.7 -5.5
v 0.1 3.8 -3.3
v 0.1 3.8 -4.8
v 0.1 3.9 -3.3
v 0.1 3.9 -3.6
v 0.1 3.9 -4.5
v 0.1 3.9 -4.8
v 0.1 4 -3.6
v 0.1 4 -3.9
v 0.1 4 -4.2
v 0.1 4 -4.5
v 0.1 4.1 -3.9
v 0.1 4.1 -4.2
v 0.2 2 -2.4
v 0.2 2 -2.5
v 0.2 2 -2.8
v 0.2 2 -5.2
v 0.2 2 -5.5
v 0.2 2 -5.6
v 0.2 2.3 -2.4
v 0.2 2.3 -2.5
v 0.2 2.3 -2.8
v 0.2 2.3 -5.2
v 0.2 2.3 -5.5
v 0.2 2.3 -5.6
v 0.2 3.5 -2.4
v 0.2 3.5 -2.5
v 0.2 3.5 -2.8
v 0.2 3.5 -5.2
v 0.2 3.5 -5.5
v 0.2 3.5 -5.6
v 0.2 3.7 -2.4
v 0.2 3.7 -2.5
v 0.2 3.7 -2.8
v 0.2 3.7 -5.2
v 0.2 3.7 -5.5
v 0.2 3.7 -5.6
v 0.3 2.3 -2.8
v 0.3 2.3 -5.2
v 0.3 3.1 -3
v 0.3 3.1 -3.6
v 0.3 3.1 -4.4
v 0.3 3.1 -5
v 0.3 3.2 -3
v 0.3 3.2 -3.1
v 0.3 3.2 -3.5
v 0.3 3.2 -3.6
v 0.3 3.2 -4.4
v 0.3 3.2 -4.5
v 0.3 3.2 -4.9
v 0.3 3.2 -5
v 0.3 3.3 -3.1
v 0.3 3.3 -3.5
v 0.3 3.3 -4.5
v 0.3 3.3 -4.9
v 0.3 3.5 -2.8
v 0.3 3.5 -5.2
v 1.3 3.2 -2.6
v 1.3 3.2 -2.7
v 1.3 3.2 -5.3
v 1.3 3.2 -5.4
v 1.3 3.3 -2.6
v 1.3 3.3 -2.7
v 1.3 3.3 -5.3
v 1.3 3.3 -5.4
v 1.4 3.1 -2.6
v 1.4 3.1 -2.7
v 1.4 3.1 -5.3
v 1.4 3.1 -5.4
v 1.4 3.2 -2.6
v 1.4 3.2 -2.7
v 1.4 3.2 -5.3
v 1.4 3.2 -5.4
v 2.9 3.2 -2.6
v 2.9 3.2 -2.7
v 2.9 3.2 -5.3
v 2.9 3.2 -5.4
v 2.9 3.3 -2.6
v 2.9 3.3 -2.7
v 2.9 3.3 -5.3
v 2.9 3.3 -5.4
v 3 3.1 -2.6
v 3 3.1 -2.7
v 3 3.1 -5.3
v 3 3.1 -5.4
v 3 3.2 -2.6
v 3 3.2 -2.7
v 3 3.2 -5.3
v 3 3.2 -5.4
v 3.1 3.7 -0.3
v 3.1 3.7 -2.3
v 3.1 3.8 -0.3
v 3.1 3.8 -2.3
v 3.2 2 -0.4
v 3.2 2 -0.7
v 3.2 2 -2.4
v 3.2 2 -2.5
v 3.2 2.3 -0.4
v 3.2 2.3 -0.7
v 3.2 2.3 -2.4
v 3.2 2.3 -2.5
v 3.2 3.5 -0.4
v 3.2 3.5 -0.7
v 3.2 3.5 -2.4
v 3.2 3.5 -2.5
v 3.2 3.7 -0.4
v 3.2 3.7 -0.7
v 3.2 3.7 -2.4
v 3.2 3.7 -2.5
v 3.2 3.8 -0.3
v 3.2 3.8 -0.4
v 3.2 3.9 -0.3
v 3.2 3.9 -0.4
v 3.3 2 -0.3
v 3.3 2 -0.4
v 3.3 2 -0.7
v 3.3 2 -2.4
v 3.3 2 -5.5
v 3.3 2 -5.6
v 3.3 2.1 -2.8
v 3.3 2.1 -2.9
v 3.3 2.1 -5.1
v 3.3 2.1 -5.2
v 3.3 2.3 -0.3
v 3.3 2.3 -0.4
v 3.3 2.3 -0.7
v 3.3 2.3 -2.4
v 3.3 2.3 -2.5
v 3.3 2.3 -2.6
v 3.3 2.3 -2.7
v 3.3 2.3 -2.8
v 3.3 2.3 -2.9
v 3.3 2.3 -5.1
v 3.3 2.3 -5.2
v 3.3 2.3 -5.3
v 3.3 2.3 -5.4
v 3.3 2.3 -5.5
v 3.3 2.3 -5.6
v 3.3 3.5 -0.3
v 3.3 3.5 -0.4
v 3.3 3.5 -0.7
v 3.3 3.5 -2.4
v 3.3 3.5 -2.5
v 3.3 3.5 -2.6
v 3.3 3.5 -2.7
v 3.3 3.5 -2.8
v 3.3 3.5 -2.9
v 3.3 3.5 -5.1
v 3.3 3.5 -5.2
v 3.3 3.5 -5.3
v 3.3 3.5 -5.4
v 3.3 3.5 -5.5
v 3.3 3.5 -5.6
v 3.3 3.7 -0.3
v 3.3 3.7 -0.4
v 3.3 3.7 -0.7
v 3.3 3.7 -2.4
v 3.3 3.7 -2.8
v 3.3 3.7 -2.9
v 3.3 3.7 -5.1
v 3.3 3.7 -5.2
v 3.3 3.7 -5.5
v 3.3 3.7 -5.6
v 3.4 2.3 -0.7
v 3.4 2.3 -2.5
v 3.4 3.5 -0.7
v 3.4 3.5 -2.4
v 3.4 3.5 -2.5
v 3.4 3.8 -0.4
v 3.4 3.8 -0.5
v 3.4 3.8 -2.7
v 3.4 3.9 -0.4
v 3.4 3.9 -0.5
v 3.4 3.9 -2.7
v 3.5 3.9 -0.3
v 3.5 3.9 -0.4
v 3.5 4 -0.3
v 3.5 4 -0.4
v 3.7 3.9 -0.4
v 3.7 3.9 -0.5
v 3.7 3.9 -3
v 3.7 4 -0.4
v 3.7 4 -0.5
v 3.7 4 -3
v 3.8 4 -0.3
v 3.8 4 -0.4
v 3.8 4.1 -0.3
v 3.8 4.1 -0.4
v 3.9 2 -0.2
v 3.9 2 -0.4
v 3.9 2.1 -0.2
v 3.9 2.1 -0.4
v 3.9 2.1 -0.6
v 3.9 2.1 -0.7
v 3.9 2.1 -2.5
v 3.9 2.1 -2.6
v 3.9 2.1 -2.7
v 3.9 2.1 -2.8
v 3.9 2.3 -0.4
v 3.9 2.3 -0.5
v 3.9 2.9 -0.4
v 3.9 2.9 -0.5
v 3.9 2.9 -0.6
v 3.9 2.9 -0.7
v 3.9 2.9 -2.5
v 3.9 2.9 -2.6
v 3.9 2.9 -2.7
v 3.9 2.9 -2.8
v 4 2 -0.1
v 4 2 -0.2
v 4 2.1 -0.1
v 4 2.1 -0.2
v 4 2.9 -0.4
v 4 2.9 -0.5
v 4 2.9 -0.6
v 4 2.9 -0.7
v 4 2.9 -2.5
v 4 2.9 -2.6
v 4 2.9 -2.7
v 4 2.9 -2.8
v 4 3 -0.4
v 4 3 -0.5
v 4 3 -0.6
v 4 3 -0.7
v 4 3 -2.5
v 4 3 -2.6
v 4 3 -2.7
v 4 3 -2.8
v 4 3.3 -0.4
v 4 3.3 -0.5
v 4 3.4 -0.4
v 4 3.4 -0.5
v 4 4 -0.4
v 4 4 -0.5
v 4 4 -3.3
v 4 4.1 -0.4
v 4 4.1 -0.5
v 4 4.1 -3.3
v 4.1 2 0
v 4.1 2 -0.1
v 4.1 2.1 0
v 4.1 2.1 -0.1
v 4.1 3.2 -0.4
v 4.1 3.2 -0.5
v 4.1 3.3 -0.4
v 4.1 3.3 -0.5
v 4.1 3.4 -0.4
v 4.1 3.4 -0.5
v 4.1 3.5 -0.4
v 4.1 3.5 -0.5
v 4.1 4.1 -0.3
v 4.1 4.1 -0.4
v 4.1 4.2 -0.3
v 4.1 4.2 -0.4
v 4.2 3.2 -5.3
v 4.2 3.2 -5.4
v 4.2 3.3 -5.3
v 4.2 3.3 -5.4
v 4.3 3.1 -5.3
v 4.3 3.1 -5.4
v 4.3 3.2 -5.3
v 4.3 3.2 -5.4
v 4.3 4.1 -0.4
v 4.3 4.1 -0.5
v 4.3 4.1 -3.6
v 4.3 4.2 -0.4
v 4.3 4.2 -0.5
v 4.3 4.2 -3.6
v 4.4 2.8 -0.4
v 4.4 2.8 -0.7
v 4.4 2.8 -2.5
v 4.4 2.8 -2.8
v 4.4 2.9 -0.4
v 4.4 2.9 -0.7
v 4.4 2.9 -2.5
v 4.4 2.9 -2.8
v 4.5 2.1 -0.4
v 4.5 2.1 -0.6
v 4.5 2.1 -0.7
v 4.5 2.1 -2.5
v 4.5 2.1 -2.6
v 4.5 2.1 -2.8
v 4.5 2.8 -0.4
v 4.5 2.8 -0.7
v 4.5 2.8 -2.5
v 4.5 2.8 -2.8
v 4.5 4.2 -0.3
v 4.5 4.2 -0.4
v 4.5 4.3 -0.3
v 4.5 4.3 -0.4
v 4.6 4.2 -0.4
v 4.6 4.2 -0.5
v 4.6 4.2 -3.9
v 4.6 4.3 -0.4
v 4.6 4.3 -0.5
v 4.6 4.3 -3.9
v 4.8 2.5 -0.4
v 4.8 2.5 -0.5
v 4.8 2.5 -0.6
v 4.8 2.5 -0.7
v 4.8 3 -0.4
v 4.8 3 -0.5
v 4.8 3 -0.6
v 4.8 3 -0.7
v 4.8 4 -0.3
v 4.8 4 -0.4
v 4.8 4.1 -0.3
v 4.8 4.1 -0.4
v 4.9 2.4 -0.4
v 4.9 2.4 -0.5
v 4.9 2.4 -0.6
v 4.9 2.4 -0.7
v 4.9 2.5 -0.4
v 4.9 2.5 -0.5
v 4.9 2.5 -0.6
v 4.9 2.5 -0.7
v 4.9 3 -0.4
v 4.9 3 -0.5
v 4.9 3 -0.6
v 4.9 3 -0.7
v 4.9 3.1 -0.4
v 4.9 3.1 -0.5
v 4.9 3.1 -0.6
v 4.9 3.1 -0.7
v 5.1 3.9 -0.3
v 5.1 3.9 -0.4
v 5.1 4 -0.3
v 5.1 4 -0.4
v 5.4 2.9 -0.4
v 5.4 2.9 -0.7
v 5.4 3 -0.4
v 5.4 3 -0.7
v 5.4 3.8 -0.3
v 5.4 3.8 -0.4
v 5.4 3.9 -0.3
v 5.4 3.9 -0.4
v 5.5 2.5 -0.4
v 5.5 2.5 -0.7
v 5.5 2.9 -0.4
v 5.5 2.9 -0.7
v 5.5 3.2 -5.3
v 5.5 3.2 -5.4
v 5.5 3.3 -5.3
v 5.5 3.3 -5.4
v 5.6 3.1 -5.3
v 5.6 3.1 -5.4
v 5.6 3.2 -5.3
v 5.6 3.2 -5.4
v 5.7 2.1 -0.6
v 5.7 2.1 -0.7
v 5.7 2.1 -2.5
v 5.7 2.1 -2.6
v 5.7 2.1 -2.7
v 5.7 2.1 -2.8
v 5.7 2.3 -0.6
v 5.7 2.3 -0.7
v 5.7 2.3 -2.5
v 5.7 2.3 -2.6
v 5.7 2.3 -2.7
v 5.7 2.3 -2.8
v 5.8 2 -0.3
v 5.8 2 -0.4
v 5.8 2 -5.5
v 5.8 2 -5.6
v 5.8 2.1 -0.7
v 5.8 2.1 -0.8
v 5.8 2.1 -2.4
v 5.8 2.1 -2.5
v 5.8 2.1 -2.8
v 5.8 2.1 -5.2
v 5.8 2.3 -0.3
v 5.8 2.3 -0.4
v 5.8 2.3 -0.5
v 5.8 2.3 -0.6
v 5.8 2.3 -0.7
v 5.8 2.3 -0.8
v 5.8 2.3 -2.4
v 5.8 2.3 -2.5
v 5.8 2.3 -2.6
v 5.8 2.3 -2.7
v 5.8 2.3 -2.8
v 5.8 2.3 -5.2
v 5.8 2.3 -5.3
v 5.8 2.3 -5.4
v 5.8 2.3 -5.5
v 5.8 2.3 -5.6
v 5.8 3.5 -0.3
v 5.8 3.5 -0.4
v 5.8 3.5 -0.5
v 5.8 3.5 -0.6
v 5.8 3.5 -0.7
v 5.8 3.5 -2.5
v 5.8 3.5 -2.6
v 5.8 3.5 -2.7
v 5.8 3.5 -2.8
v 5.8 3.5 -5.2
v 5.8 3.5 -5.3
v 5.8 3.5 -5.4
v 5.8 3.5 -5.5
v 5.8 3.5 -5.6
v 5.8 3.7 -0.3
v 5.8 3.7 -0.4
v 5.8 3.7 -0.7
v 5.8 3.7 -2.5
v 5.8 3.7 -2.8
v 5.8 3.7 -5.2
v 5.8 3.7 -5.5
v 5.8 3.7 -5.6
v 5.9 2.1 -0.8
v 5.9 2.1 -1
v 5.9 2.1 -1.1
v 5.9 2.1 -1.7
v 5.9 2.1 -2
v 5.9 2.1 -2.3
v 5.9 2.1 -2.4
v 5.9 2.3 -0.7
v 5.9 2.3 -0.8
v 5.9 2.3 -2.4
v 5.9 2.3 -2.5
v 5.9 2.3 -2.8
v 5.9 2.3 -5.2
v 5.9 3.1 -3
v 5.9 3.1 -3.6
v 5.9 3.1 -4.4
v 5.9 3.1 -5
v 5.9 3.2 -3
v 5.9 3.2 -3.1
v 5.9 3.2 -3.5
v 5.9 3.2 -3.6
v 5.9 3.2 -4.4
v 5.9 3.2 -4.5
v 5.9 3.2 -4.9
v 5.9 3.2 -5
v 5.9 3.3 -3.1
v 5.9 3.3 -3.5
v 5.9 3.3 -4.5
v 5.9 3.3 -4.9
v 5.9 3.5 -0.7
v 5.9 3.5 -2.5
v 5.9 3.5 -2.8
v 5.9 3.5 -5.2
v 6.2 3.8 -2.5
v 6.2 3.8 -2.7
v 6.2 3.8 -5.4
v 6.2 3.8 -5.6
v 6.2 3.9 -2.5
v 6.2 3.9 -2.7
v 6.2 3.9 -2.8
v 6.2 3.9 -3
v 6.2 3.9 -5.1
v 6.2 3.9 -5.3
v 6.2 3.9 -5.4
v 6.2 3.9 -5.6
v 6.2 4 -2.8
v 6.2 4 -3
v 6.2 4 -3.1
v 6.2 4 -3.3
v 6.2 4 -4.8
v 6.2 4 -5
v 6.2 4 -5.1
v 6.2 4 -5.3
v 6.2 4.1 -3.1
v 6.2 4.1 -3.3
v 6.2 4.1 -3.4
v 6.2 4.1 -3.6
v 6.2 4.1 -4.5
v 6.2 4.1 -4.7
v 6.2 4.1 -4.8
v 6.2 4.1 -5
v 6.2 4.2 -3.4
v 6.2 4.2 -3.6
v 6.2 4.2 -3.7
v 6.2 4.2 -3.9
v 6.2 4.2 -4.2
v 6.2 4.2 -4.4
v 6.2 4.2 -4.5
v 6.2 4.2 -4.7
v 6.2 4.3 -3.7
v 6.2 4.3 -3.9
v 6.2 4.3 -4.2
v 6.2 4.3 -4.4
v 0.1 3.8 -2.5
v 0.1 3.8 -2.7
v 0.1 3.8 -5.4
v 0.1 3.8 -5.6
v 0.1 3.9 -2.5
v 0.1 3.9 -2.7
v 0.1 3.9 -2.8
v 0.1 3.9 -3
v 0.1 3.9 -5.1
v 0.1 3.9 -5.3
v 0.1 3.9 -5.4
v 0.1 3.9 -5.6
v 0.1 4 -2.8
v 0.1 4 -3
v 0.1 4 -3.1
v 0.1 4 -3.3
v 0.1 4 -4.8
v 0.1 4 -5
v 0.1 4 -5.1
v 0.1 4 -5.3
v 0.1 4.1 -3.1
v 0.1 4.1 -3.3
v 0.1 4.1 -3.4
v 0.1 4.1 -3.6
v 0.1 4.1 -4.5
v 0.1 4.1 -4.7
v 0.1 4.1 -4.8
v 0.1 4.1 -5
v 0.1 4.2 -3.4
v 0.1 4.2 -3.6
v 0.1 4.2 -3.7
v 0.1 4.2 -3.9
v 0.1 4.2 -4.2
v 0.1 4.2 -4.4
v 0.1 4.2 -4.5
v 0.1 4.2 -4.7
v 0.1 4.3 -3.7
v 0.1 4.3 -3.9
v 0.1 4.3 -4.2
v 0.1 4.3 -4.4
v 0.4 2.3 -2.8
v 0.4 2.3 -5.2
v 0.4 3.1 -3
v 0.4 3.1 -3.6
v 0.4 3.1 -4.4
v 0.4 3.1 -5
v 0.4 3.2 -3
v 0.4 3.2 -3.1
v 0.4 3.2 -3.5
v 0.4 3.2 -3.6
v 0.4 3.2 -4.4
v 0.4 3.2 -4.5
v 0.4 3.2 -4.9
v 0.4 3.2 -5
v 0.4 3.3 -3.1
v 0.4 3.3 -3.5
v 0.4 3.3 -4.5
v 0.4 3.3 -4.9
v 0.4 3.5 -2.8
v 0.4 3.5 -5.2
v 0.5 2 -2.4
v 0.5 2 -2.5
v 0.5 2 -5.5
v 0.5 2 -5.6
v 0.5 2.1 -2.8
v 0.5 2.1 -5.2
v 0.5 2.3 -2.4
v 0.5 2.3 -2.5
v 0.5 2.3 -2.6
v 0.5 2.3 -2.7
v 0.5 2.3 -2.8
v 0.5 2.3 -5.2
v 0.5 2.3 -5.3
v 0.5 2.3 -5.4
v 0.5 2.3 -5.5
v 0.5 2.3 -5.6
v 0.5 3.5 -2.4
v 0.5 3.5 -2.5
v 0.5 3.5 -2.6
v 0.5 3.5 -2.7
v 0.5 3.5 -2.8
v 0.5 3.5 -5.2
v 0.5 3.5 -5.3
v 0.5 3.5 -5.4
v 0.5 3.5 -5.5
v 0.5 3.5 -5.6
v 0.5 3.7 -2.4
v 0.5 3.7 -2.5
v 0.5 3.7 -2.8
v 0.5 3.7 -5.2
v 0.5 3.7 -5.5
v 0.5 3.7 -5.6
v 0.8 3.1 -2.6
v 0.8 3.1 -2.7
v 0.8 3.1 -5.3
v 0.8 3.1 -5.4
v 0.8 3.2 -2.6
v 0.8 3.2 -2.7
v 0.8 3.2 -5.3
v 0.8 3.2 -5.4
v 0.9 3.2 -2.6
v 0.9 3.2 -2.7
v 0.9 3.2 -5.3
v 0.9 3.2 -5.4
v 0.9 3.3 -2.6
v 0.9 3.3 -2.7
v 0.9 3.3 -5.3
v 0.9 3.3 -5.4
v 2.4 3.1 -2.6
v 2.4 3.1 -2.7
v 2.4 3.1 -5.3
v 2.4 3.1 -5.4
v 2.4 3.2 -2.6
v 2.4 3.2 -2.7
v 2.4 3.2 -5.3
v 2.4 3.2 -5.4
v 2.5 3.2 -2.6
v 2.5 3.2 -2.7
v 2.5 3.2 -5.3
v 2.5 3.2 -5.4
v 2.5 3.3 -2.6
v 2.5 3.3 -2.7
v 2.5 3.3 -5.3
v 2.5 3.3 -5.4
v 3.5 2.1 -0.8
v 3.5 2.1 -2.4
v 3.5 2.3 -0.7
v 3.5 2.3 -0.8
v 3.5 2.3 -2.4
v 3.5 2.3 -2.5
v 3.5 3.5 -0.7
v 3.5 3.5 -2.5
v 3.6 2 -0.3
v 3.6 2 -0.4
v 3.6 2 -5.5
v 3.6 2 -5.6
v 3.6 2.1 -0.7
v 3.6 2.1 -0.8
v 3.6 2.1 -2.4
v 3.6 2.1 -2.5
v 3.6 2.1 -2.8
v 3.6 2.1 -2.9
v 3.6 2.1 -5.1
v 3.6 2.1 -5.2
v 3.6 2.3 -0.3
v 3.6 2.3 -0.4
v 3.6 2.3 -0.5
v 3.6 2.3 -0.6
v 3.6 2.3 -0.7
v 3.6 2.3 -0.8
v 3.6 2.3 -2.4
v 3.6 2.3 -2.5
v 3.6 2.3 -2.6
v 3.6 2.3 -2.7
v 3.6 2.3 -2.8
v 3.6 2.3 -2.9
v 3.6 2.3 -5.1
v 3.6 2.3 -5.2
v 3.6 2.3 -5.3
v 3.6 2.3 -5.4
v 3.6 2.3 -5.5
v 3.6 2.3 -5.6
v 3.6 3.5 -0.3
v 3.6 3.5 -0.4
v 3.6 3.5 -0.5
v 3.6 3.5 -0.6
v 3.6 3.5 -0.7
v 3.6 3.5 -2.5
v 3.6 3.5 -2.6
v 3.6 3.5 -2.7
v 3.6 3.5 -2.8
v 3.6 3.5 -2.9
v 3.6 3.5 -5.1
v 3.6 3.5 -5.2
v 3.6 3.5 -5.3
v 3.6 3.5 -5.4
v 3.6 3.5 -5.5
v 3.6 3.5 -5.6
v 3.6 3.7 -0.3
v 3.6 3.7 -0.4
v 3.6 3.7 -0.7
v 3.6 3.7 -2.5
v 3.6 3.7 -2.8
v 3.6 3.7 -2.9
v 3.6 3.7 -5.1
v 3.6 3.7 -5.2
v 3.6 3.7 -5.5
v 3.6 3.7 -5.6
v 3.7 2.1 -0.6
v 3.7 2.1 -0.7
v 3.7 2.1 -2.5
v 3.7 2.1 -2.6
v 3.7 2.1 -2.7
v 3.7 2.1 -2.8
v 3.7 2.3 -0.6
v 3.7 2.3 -0.7
v 3.7 2.3 -2.5
v 3.7 2.3 -2.6
v 3.7 2.3 -2.7
v 3.7 2.3 -2.8
v 3.8 3.1 -5.3
v 3.8 3.1 -5.4
v 3.8 3.2 -5.3
v 3.8 3.2 -5.4
v 3.9 3.2 -5.3
v 3.9 3.2 -5.4
v 3.9 3.3 -5.3
v 3.9 3.3 -5.4
v 4 2.1 -0.4
v 4 2.1 -0.6
v 4 2.1 -0.7
v 4 2.1 -2.5
v 4 2.1 -2.6
v 4 2.1 -2.8
v 4 2.8 -0.4
v 4 2.8 -0.7
v 4 2.8 -2.5
v 4 2.8 -2.8
v 4 3.8 -0.3
v 4 3.8 -0.4
v 4 3.9 -0.3
v 4 3.9 -0.4
v 4.1 2.8 -0.4
v 4.1 2.8 -0.7
v 4.1 2.8 -2.5
v 4.1 2.8 -2.8
v 4.1 2.9 -0.4
v 4.1 2.9 -0.7
v 4.1 2.9 -2.5
v 4.1 2.9 -2.8
v 4.3 3.9 -0.3
v 4.3 3.9 -0.4
v 4.3 4 -0.3
v 4.3 4 -0.4
v 4.4 2 0
v 4.4 2 -0.1
v 4.4 2.1 0
v 4.4 2.1 -0.1
v 4.5 2 -0.1
v 4.5 2 -0.2
v 4.5 2.1 -0.1
v 4.5 2.1 -0.2
v 4.5 2.9 -0.4
v 4.5 2.9 -0.5
v 4.5 2.9 -0.6
v 4.5 2.9 -0.7
v 4.5 2.9 -2.5
v 4.5 2.9 -2.6
v 4.5 2.9 -2.7
v 4.5 2.9 -2.8
v 4.5 3 -0.4
v 4.5 3 -0.5
v 4.5 3 -0.6
v 4.5 3 -0.7
v 4.5 3 -2.5
v 4.5 3 -2.6
v 4.5 3 -2.7
v 4.5 3 -2.8
v 4.6 2 -0.2
v 4.6 2 -0.4
v 4.6 2.1 -0.2
v 4.6 2.1 -0.4
v 4.6 2.1 -0.6
v 4.6 2.1 -0.7
v 4.6 2.1 -2.5
v 4.6 2.1 -2.6
v 4.6 2.1 -2.7
v 4.6 2.1 -2.8
v 4.6 2.3 -0.4
v 4.6 2.3 -0.5
v 4.6 2.9 -0.4
v 4.6 2.9 -0.5
v 4.6 2.9 -0.6
v 4.6 2.9 -0.7
v 4.6 2.9 -2.5
v 4.6 2.9 -2.6
v 4.6 2.9 -2.7
v 4.6 2.9 -2.8
v 4.6 4 -0.3
v 4.6 4 -0.4
v 4.6 4.1 -0.3
v 4.6 4.1 -0.4
v 4.8 4.2 -0.4
v 4.8 4.2 -0.5
v 4.8 4.2 -3.9
v 4.8 4.3 -0.4
v 4.8 4.3 -0.5
v 4.8 4.3 -3.9
v 4.9 2.5 -0.4
v 4.9 2.5 -0.7
v 4.9 2.9 -0.4
v 4.9 2.9 -0.7
v 5 2.9 -0.4
v 5 2.9 -0.7
v 5 3 -0.4
v 5 3 -0.7
v 5 4.2 -0.3
v 5 4.2 -0.4
v 5 4.3 -0.3
v 5 4.3 -0.4
v 5.1 3.1 -5.3
v 5.1 3.1 -5.4
v 5.1 3.2 -5.3
v 5.1 3.2 -5.4
v 5.1 4.1 -0.4
v 5.1 4.1 -0.5
v 5.1 4.1 -3.6
v 5.1 4.2 -0.4
v 5.1 4.2 -0.5
v 5.1 4.2 -3.6
v 5.2 3.2 -5.3
v 5.2 3.2 -5.4
v 5.2 3.3 -5.3
v 5.2 3.3 -5.4
v 5.3 3.2 -0.4
v 5.3 3.2 -0.5
v 5.3 3.3 -0.4
v 5.3 3.3 -0.5
v 5.3 3.4 -0.4
v 5.3 3.4 -0.5
v 5.3 3.5 -0.4
v 5.3 3.5 -0.5
v 5.3 4.1 -0.3
v 5.3 4.1 -0.4
v 5.3 4.2 -0.3
v 5.3 4.2 -0.4
v 5.4 3.3 -0.4
v 5.4 3.3 -0.5
v 5.4 3.4 -0.4
v 5.4 3.4 -0.5
v 5.4 4 -0.4
v 5.4 4 -0.5
v 5.4 4 -3.3
v 5.4 4.1 -0.4
v 5.4 4.1 -0.5
v 5.4 4.1 -3.3
v 5.5 2.4 -0.4
v 5.5 2.4 -0.5
v 5.5 2.4 -0.6
v 5.5 2.4 -0.7
v 5.5 2.5 -0.4
v 5.5 2.5 -0.5
v 5.5 2.5 -0.6
v 5.5 2.5 -0.7
v 5.5 3 -0.4
v 5.5 3 -0.5
v 5.5 3 -0.6
v 5.5 3 -0.7
v 5.5 3.1 -0.4
v 5.5 3.1 -0.5
v 5.5 3.1 -0.6
v 5.5 3.1 -0.7
v 5.6 2.5 -0.4
v 5.6 2.5 -0.5
v 5.6 2.5 -0.6
v 5.6 2.5 -0.7
v 5.6 3 -0.4
v 5.6 3 -0.5
v 5.6 3 -0.6
v 5.6 3 -0.7
v 5.6 4 -0.3
v 5.6 4 -0.4
v 5.6 4.1 -0.3
v 5.6 4.1 -0.4
v 5.7 3.9 -0.4
v 5.7 3.9 -0.5
v 5.7 3.9 -3
v 5.7 4 -0.4
v 5.7 4 -0.5
v 5.7 4 -3
v 5.9 3.9 -0.3
v 5.9 3.9 -0.4
v 5.9 4 -0.3
v 5.9 4 -0.4
v 6 2.3 -0.7
v 6 2.3 -2.5
v 6 2.3 -2.8
v 6 2.3 -5.2
v 6 3.1 -3
v 6 3.1 -3.6
v 6 3.1 -4.4
v 6 3.1 -5
v 6 3.2 -3
v 6 3.2 -3.1
v 6 3.2 -3.5
v 6 3.2 -3.6
v 6 3.2 -4.4
v 6 3.2 -4.5
v 6 3.2 -4.9
v 6 3.2 -5
v 6 3.3 -3.1
v 6 3.3 -3.5
v 6 3.3 -4.5
v 6 3.3 -4.9
v 6 3.5 -0.7
v 6 3.5 -2.5
v 6 3.5 -2.8
v 6 3.5 -5.2
v 6 3.8 -0.4
v 6 3.8 -0.5
v 6 3.8 -2.7
v 6 3.9 -0.4
v 6 3.9 -0.5
v 6 3.9 -2.7
v 6.1 2 -0.3
v 6.1 2 -0.4
v 6.1 2 -0.7
v 6.1 2 -2.5
v 6.1 2 -2.8
v 6.1 2 -5.2
v 6.1 2 -5.5
v 6.1 2 -5.6
v 6.1 2.3 -0.3
v 6.1 2.3 -0.4
v 6.1 2.3 -0.7
v 6.1 2.3 -2.5
v 6.1 2.3 -2.8
v 6.1 2.3 -5.2
v 6.1 2.3 -5.5
v 6.1 2.3 -5.6
v 6.1 3.5 -0.3
v 6.1 3.5 -0.4
v 6.1 3.5 -0.7
v 6.1 3.5 -2.5
v 6.1 3.5 -2.8
v 6.1 3.5 -5.2
v 6.1 3.5 -5.5
v 6.1 3.5 -5.6
v 6.1 3.7 -0.3
v 6.1 3.7 -0.4
v 6.1 3.7 -0.7
v 6.1 3.7 -2.5
v 6.1 3.7 -2.8
v 6.1 3.7 -5.2
v 6.1 3.7 -5.5
v 6.1 3.7 -5.6
v 6.2 2 -0.4
v 6.2 2 -0.7
v 6.2 2 -2.5
v 6.2 2 -2.8
v 6.2 2 -5.2
v 6.2 2 -5.5
v 6.2 2.3 -0.4
v 6.2 2.3 -0.7
v 6.2 2.3 -2.5
v 6.2 2.3 -2.8
v 6.2 2.3 -5.2
v 6.2 2.3 -5.5
v 6.2 3.5 -0.4
v 6.2 3.5 -0.7
v 6.2 3.5 -2.5
v 6.2 3.5 -2.8
v 6.2 3.5 -5.2
v 6.2 3.5 -5.5
v 6.2 3.7 -0.4
v 6.2 3.7 -0.7
v 6.2 3.7 -2.5
v 6.2 3.7 -2.8
v 6.2 3.7 -5.2
v 6.2 3.7 -5.5
v 6.2 3.8 -0.3
v 6.2 3.8 -0.4
v 6.2 3.8 -3.3
v 6.2 3.8 -4.8
v 6.2 3.9 -0.3
v 6.2 3.9 -0.4
v 6.2 3.9 -3.3
v 6.2 3.9 -3.6
v 6.2 3.9 -4.5
v 6.2 3.9 -4.8
v 6.2 4 -3.6
v 6.2 4 -3.9
v 6.2 4 -4.2
v 6.2 4 -4.5
v 6.2 4.1 -3.9
v 6.2 4.1 -4.2
v 6.3 3.7 -0.3
v 6.3 3.7 -5.7
v 6.3 3.8 -0.3
v 6.3 3.8 -2.5
v 6.3 3.8 -3.3
v 6.3 3.8 -4.8
v 6.3 3.8 -5.6
v 6.3 3.8 -5.7
v 6.3 3.9 -2.5
v 6.3 3.9 -2.8
v 6.3 3.9 -3.3
v 6.3 3.9 -3.6
v 6.3 3.9 -4.5
v 6.3 3.9 -4.8
v 6.3 3.9 -5.3
v 6.3 3.9 -5.6
v 6.3 4 -2.8
v 6.3 4 -3.1
v 6.3 4 -3.6
v 6.3 4 -3.9
v 6.3 4 -4.2
v 6.3 4 -4.5
v 6.3 4 -5
v 6.3 4 -5.3
v 6.3 4.1 -3.1
v 6.3 4.1 -3.4
v 6.3 4.1 -3.9
v 6.3 4.1 -4.2
v 6.3 4.1 -4.7
v 6.3 4.1 -5
v 6.3 4.2 -3.4
v 6.3 4.2 -3.7
v 6.3 4.2 -4.4
v 6.3 4.2 -4.7
v 6.3 4.3 -3.7
v 6.3 4.3 -4.4
v 4.1 2 0
v 4.1 2.1 0
v 4.4 2 0
v 4.4 2.1 0
v 4 2 -0.1
v 4 2.1 -0.1
v 4.1 2 -0.1
v 4.1 2.1 -0.1
v 4.4 2 -0.1
v 4.4 2.1 -0.1
v 4.5 2 -0.1
v 4.5 2.1 -0.1
v 3.9 2 -0.2
v 3.9 2.1 -0.2
v 4 2 -0.2
v 4 2.1 -0.2
v 4.5 2 -0.2
v 4.5 2.1 -0.2
v 4.6 2 -0.2
v 4.6 2.1 -0.2
v 3.1 3.7 -0.3
v 3.1 3.8 -0.3
v 3.2 3.8 -0.3
v 3.2 3.9 -0.3
v 3.3 2 -0.3
v 3.3 2.3 -0.3
v 3.3 3.5 -0.3
v 3.3 3.7 -0.3
v 3.5 3.9 -0.3
v 3.5 4 -0.3
v 3.6 2 -0.3
v 3.6 2.3 -0.3
v 3.6 3.5 -0.3
v 3.6 3.7 -0.3
v 3.8 4 -0.3
v 3.8 4.1 -0.3
v 4 3.8 -0.3
v 4 3.9 -0.3
v 4.1 4.1 -0.3
v 4.1 4.2 -0.3
v 4.3 3.9 -0.3
v 4.3 4 -0.3
v 4.5 4.2 -0.3
v 4.5 4.3 -0.3
v 4.6 4 -0.3
v 4.6 4.1 -0.3
v 4.8 4 -0.3
v 4.8 4.1 -0.3
v 5 4.2 -0.3
v 5 4.3 -0.3
v 5.1 3.9 -0.3
v 5.1 4 -0.3
v 5.3 4.1 -0.3
v 5.3 4.2 -0.3
v 5.4 3.8 -0.3
v 5.4 3.9 -0.3
v 5.6 4 -0.3
v 5.6 4.1 -0.3
v 5.8 2 -0.3
v 5.8 2.3 -0.3
v 5.8 3.5 -0.3
v 5.8 3.7 -0.3
v 5.9 3.9 -0.3
v 5.9 4 -0.3
v 6.1 2 -0.3
v 6.1 2.3 -0.3
v 6.1 3.5 -0.3
v 6.1 3.7 -0.3
v 6.2 3.8 -0.3
v 6.2 3.9 -0.3
v 6.3 3.7 -0.3
v 6.3 3.8 -0.3
v 3.2 2 -0.4
v 3.2 2.3 -0.4
v 3.2 3.5 -0.4
v 3.2 3.7 -0.4
v 3.3 2 -0.4
v 3.3 2.3 -0.4
v 3.3 3.5 -0.4
v 3.3 3.7 -0.4
v 3.6 2 -0.4
v 3.6 2.3 -0.4
v 3.6 3.5 -0.4
v 3.6 3.7 -0.4
v 3.9 2 -0.4
v 3.9 2.1 -0.4
v 3.9 2.3 -0.4
v 3.9 2.9 -0.4
v 4 2.1 -0.4
v 4 2.8 -0.4
v 4 2.9 -0.4
v 4 3 -0.4
v 4 3.3 -0.4
v 4 3.4 -0.4
v 4 3.8 -0.4
v 4 3.9 -0.4
v 4.1 2.8 -0.4
v 4.1 2.9 -0.4
v 4.1 3.2 -0.4
v 4.1 3.3 -0.4
v 4.1 3.4 -0.4
v 4.1 3.5 -0.4
v 4.2 3.2 -0.4
v 4.2 3.3 -0.4
v 4.2 3.4 -0.4
v 4.2 3.5 -0.4
v 4.3 3.9 -0.4
v 4.3 4 -0.4
v 4.4 2.8 -0.4
v 4.4 2.9 -0.4
v 4.5 2.1 -0.4
v 4.5 2.8 -0.4
v 4.5 2.9 -0.4
v 4.5 3 -0.4
v 4.6 2 -0.4
v 4.6 2.1 -0.4
v 4.6 2.3 -0.4
v 4.6 2.9 -0.4
v 4.6 4 -0.4
v 4.6 4.1 -0.4
v 4.8 2.5 -0.4
v 4.8 3 -0.4
v 4.8 4 -0.4
v 4.8 4.1 -0.4
v 4.9 2.4 -0.4
v 4.9 2.5 -0.4
v 4.9 2.9 -0.4
v 4.9 3 -0.4
v 4.9 3.1 -0.4
v 5 2.9 -0.4
v 5 3 -0.4
v 5.1 3.9 -0.4
v 5.1 4 -0.4
v 5.2 3.2 -0.4
v 5.2 3.3 -0.4
v 5.2 3.4 -0.4
v 5.2 3.5 -0.4
v 5.3 3.2 -0.4
v 5.3 3.3 -0.4
v 5.3 3.4 -0.4
v 5.3 3.5 -0.4
v 5.4 2.9 -0.4
v 5.4 3 -0.4
v 5.4 3.3 -0.4
v 5.4 3.4 -0.4
v 5.4 3.8 -0.4
v 5.4 3.9 -0.4
v 5.5 2.4 -0.4
v 5.5 2.5 -0.4
v 5.5 2.9 -0.4
v 5.5 3 -0.4
v 5.5 3.1 -0.4
v 5.6 2.5 -0.4
v 5.6 3 -0.4
v 5.8 2 -0.4
v 5.8 2.3 -0.4
v 5.8 3.5 -0.4
v 5.8 3.7 -0.4
v 6.1 2 -0.4
v 6.1 2.3 -0.4
v 6.1 3.5 -0.4
v 6.1 3.7 -0.4
v 6.2 2 -0.4
v 6.2 2.3 -0.4
v 6.2 3.5 -0.4
v 6.2 3.7 -0.4
v 3.6 2.3 -0.5
v 3.6 3.5 -0.5
v 3.9 2.3 -0.5
v 3.9 2.9 -0.5
v 4 2.9 -0.5
v 4 3 -0.5
v 4 3.3 -0.5
v 4 3.4 -0.5
v 4.1 3.2 -0.5
v 4.1 3.3 -0.5
v 4.1 3.4 -0.5
v 4.1 3.5 -0.5
v 4.2 3.2 -0.5
v 4.5 2.9 -0.5
v 4.5 3 -0.5
v 4.6 2.3 -0.5
v 4.6 2.9 -0.5
v 4.8 2.5 -0.5
v 4.8 3 -0.5
v 4.9 2.4 -0.5
v 4.9 2.5 -0.5
v 4.9 3 -0.5
v 4.9 3.1 -0.5
v 5.2 3.2 -0.5
v 5.3 3.2 -0.5
v 5.3 3.3 -0.5
v 5.3 3.4 -0.5
v 5.3 3.5 -0.5
v 5.4 3.3 -0.5
v 5.4 3.4 -0.5
v 5.5 2.4 -0.5
v 5.5 2.5 -0.5
v 5.5 3 -0.5
v 5.5 3.1 -0.5
v 5.6 2.5 -0.5
v 5.6 3 -0.5
v 5.8 2.3 -0.5
v 5.8 3.5 -0.5
v 0 3.7 -2.3
v 0 3.8 -2.3
v 3.1 3.7 -2.3
v 3.1 3.8 -2.3
v 0.2 2 -2.4
v 0.2 2.3 -2.4
v 0.2 3.5 -2.4
v 0.2 3.7 -2.4
v 0.5 2 -2.4
v 0.5 2.3 -2.4
v 0.5 3.5 -2.4
v 0.5 3.7 -2.4
v 3.2 2 -2.4
v 3.2 2.3 -2.4
v 3.2 3.5 -2.4
v 3.2 3.7 -2.4
v 3.3 2 -2.4
v 3.3 2.3 -2.4
v 3.3 3.5 -2.4
v 3.3 3.7 -2.4
v 3.5 2.1 -2.4
v 3.5 2.3 -2.4
v 3.6 2.1 -2.4
v 3.6 2.3 -2.4
v 5.8 2.1 -2.4
v 5.8 2.3 -2.4
v 5.9 2.1 -2.4
v 5.9 2.3 -2.4
v 0 3.8 -2.5
v 0 3.9 -2.5
v 0.1 2 -2.5
v 0.1 2.3 -2.5
v 0.1 3.5 -2.5
v 0.1 3.7 -2.5
v 0.1 3.8 -2.5
v 0.1 3.9 -2.5
v 0.2 2 -2.5
v 0.2 2.3 -2.5
v 0.2 3.5 -2.5
v 0.2 3.7 -2.5
v 0.5 2 -2.5
v 0.5 2.3 -2.5
v 0.5 3.5 -2.5
v 0.5 3.7 -2.5
v 3.2 2 -2.5
v 3.2 2.3 -2.5
v 3.2 3.5 -2.5
v 3.2 3.7 -2.5
v 3.3 2.3 -2.5
v 3.3 3.5 -2.5
v 3.4 2.3 -2.5
v 3.4 3.5 -2.5
v 3.5 2.3 -2.5
v 3.5 3.5 -2.5
v 3.6 2.1 -2.5
v 3.6 2.3 -2.5
v 3.6 3.5 -2.5
v 3.6 3.7 -2.5
v 3.7 2.1 -2.5
v 3.7 2.3 -2.5
v 3.9 2.1 -2.5
v 3.9 2.9 -2.5
v 4 2.1 -2.5
v 4 2.8 -2.5
v 4 2.9 -2.5
v 4 3 -2.5
v 4.1 2.8 -2.5
v 4.1 2.9 -2.5
v 4.4 2.8 -2.5
v 4.4 2.9 -2.5
v 4.5 2.1 -2.5
v 4.5 2.8 -2.5
v 4.5 2.9 -2.5
v 4.5 3 -2.5
v 4.6 2.1 -2.5
v 4.6 2.9 -2.5
v 5.7 2.1 -2.5
v 5.7 2.3 -2.5
v 5.8 2.1 -2.5
v 5.8 2.3 -2.5
v 5.8 3.5 -2.5
v 5.8 3.7 -2.5
v 5.9 2.3 -2.5
v 5.9 3.5 -2.5
v 6 2.3 -2.5
v 6 3.5 -2.5
v 6.1 2 -2.5
v 6.1 2.3 -2.5
v 6.1 3.5 -2.5
v 6.1 3.7 -2.5
v 6.2 2 -2.5
v 6.2 2.3 -2.5
v 6.2 3.5 -2.5
v 6.2 3.7 -2.5
v 6.2 3.8 -2.5
v 6.2 3.9 -2.5
v 6.3 3.8 -2.5
v 6.3 3.9 -2.5
v 0.5 2.3 -2.6
v 0.5 3.5 -2.6
v 0.8 3.1 -2.6
v 0.8 3.2 -2.6
v 0.9 3.2 -2.6
v 0.9 3.3 -2.6
v 1.3 3.2 -2.6
v 1.3 3.3 -2.6
v 1.4 3.1 -2.6
v 1.4 3.2 -2.6
v 2.4 3.1 -2.6
v 2.4 3.2 -2.6
v 2.5 3.2 -2.6
v 2.5 3.3 -2.6
v 2.9 3.2 -2.6
v 2.9 3.3 -2.6
v 3 3.1 -2.6
v 3 3.2 -2.6
v 3.2 3.5 -2.6
v 3.3 2.3 -2.6
v 3.3 3.5 -2.6
v 3.6 2.3 -2.6
v 3.6 3.5 -2.6
v 3.7 2.1 -2.6
v 3.7 2.3 -2.6
v 3.8 2.1 -2.6
v 3.9 2.1 -2.6
v 3.9 2.9 -2.6
v 4 2.9 -2.6
v 4 3 -2.6
v 4.5 2.9 -2.6
v 4.5 3 -2.6
v 4.6 2.1 -2.6
v 4.6 2.9 -2.6
v 4.8 2.1 -2.6
v 4.9 2.1 -2.6
v 5 2.1 -2.6
v 5.1 2.1 -2.6
v 5.2 2.1 -2.6
v 5.3 2.1 -2.6
v 5.6 2.1 -2.6
v 5.7 2.1 -2.6
v 5.7 2.3 -2.6
v 5.8 2.3 -2.6
v 5.8 3.5 -2.6
v 0.1 3.8 -2.7
v 0.1 3.9 -2.7
v 0.2 3.8 -2.7
v 0.2 3.9 -2.7
v 3.4 3.8 -2.7
v 3.4 3.9 -2.7
v 6 3.8 -2.7
v 6 3.9 -2.7
v 6.1 3.8 -2.7
v 6.1 3.9 -2.7
v 6.2 3.8 -2.7
v 6.2 3.9 -2.7
v 0 3.9 -2.8
v 0 4 -2.8
v 0.1 3.9 -2.8
v 0.1 4 -2.8
v 6.2 3.9 -2.8
v 6.2 4 -2.8
v 6.3 3.9 -2.8
v 6.3 4 -2.8
v 0.1 3.9 -3
v 0.1 4 -3
v 0.2 3.9 -3
v 0.2 4 -3
v 3.7 3.9 -3
v 3.7 4 -3
v 5.7 3.9 -3
v 5.7 4 -3
v 6.1 3.9 -3
v 6.1 4 -3
v 6.2 3.9 -3
v 6.2 4 -3
v 0 4 -3.1
v 0 4.1 -3.1
v 0.1 4 -3.1
v 0.1 4.1 -3.1
v 6.2 4 -3.1
v 6.2 4.1 -3.1
v 6.3 4 -3.1
v 6.3 4.1 -3.1
v 0.1 4 -3.3
v 0.1 4.1 -3.3
v 0.2 4 -3.3
v 0.2 4.1 -3.3
v 4 4 -3.3
v 4 4.1 -3.3
v 5.4 4 -3.3
v 5.4 4.1 -3.3
v 6.1 4 -3.3
v 6.1 4.1 -3.3
v 6.2 4 -3.3
v 6.2 4.1 -3.3
v 0 4.1 -3.4
v 0 4.2 -3.4
v 0.1 4.1 -3.4
v 0.1 4.2 -3.4
v 6.2 4.1 -3.4
v 6.2 4.2 -3.4
v 6.3 4.1 -3.4
v 6.3 4.2 -3.4
v 0.3 3.2 -3.5
v 0.3 3.3 -3.5
v 0.4 3.2 -3.5
v 0.4 3.3 -3.5
v 5.9 3.2 -3.5
v 5.9 3.3 -3.5
v 6 3.2 -3.5
v 6 3.3 -3.5
v 0.1 4.1 -3.6
v 0.1 4.2 -3.6
v 0.2 4.1 -3.6
v 0.2 4.2 -3.6
v 0.3 3.1 -3.6
v 0.3 3.2 -3.6
v 0.4 3.1 -3.6
v 0.4 3.2 -3.6
v 4.3 4.1 -3.6
v 4.3 4.2 -3.6
v 5.1 4.1 -3.6
v 5.1 4.2 -3.6
v 5.9 3.1 -3.6
v 5.9 3.2 -3.6
v 6 3.1 -3.6
v 6 3.2 -3.6
v 6.1 4.1 -3.6
v 6.1 4.2 -3.6
v 6.2 4.1 -3.6
v 6.2 4.2 -3.6
v 0 4.2 -3.7
v 0 4.3 -3.7
v 0.1 4.2 -3.7
v 0.1 4.3 -3.7
v 6.2 4.2 -3.7
v 6.2 4.3 -3.7
v 6.3 4.2 -3.7
v 6.3 4.3 -3.7
v 0.1 4.2 -3.9
v 0.1 4.3 -3.9
v 0.2 4.2 -3.9
v 0.2 4.3 -3.9
v 4.6 4.2 -3.9
v 4.6 4.3 -3.9
v 4.8 4.2 -3.9
v 4.8 4.3 -3.9
v 6.1 4.2 -3.9
v 6.1 4.3 -3.9
v 6.2 4.2 -3.9
v 6.2 4.3 -3.9
v 0 4 -4.2
v 0 4.1 -4.2
v 0.1 4 -4.2
v 0.1 4.1 -4.2
v 6.2 4 -4.2
v 6.2 4.1 -4.2
v 6.3 4 -4.2
v 6.3 4.1 -4.2
v 0 3.9 -4.5
v 0 4 -4.5
v 0.1 3.9 -4.5
v 0.1 4 -4.5
v 6.2 3.9 -4.5
v 6.2 4 -4.5
v 6.3 3.9 -4.5
v 6.3 4 -4.5
v 0 3.8 -4.8
v 0 3.9 -4.8
v 0.1 3.8 -4.8
v 0.1 3.9 -4.8
v 6.2 3.8 -4.8
v 6.2 3.9 -4.8
v 6.3 3.8 -4.8
v 6.3 3.9 -4.8
v 0.3 3.2 -4.9
v 0.3 3.3 -4.9
v 0.4 3.2 -4.9
v 0.4 3.3 -4.9
v 5.9 3.2 -4.9
v 5.9 3.3 -4.9
v 6 3.2 -4.9
v 6 3.3 -4.9
v 0.3 3.1 -5
v 0.3 3.2 -5
v 0.4 3.1 -5
v 0.4 3.2 -5
v 5.9 3.1 -5
v 5.9 3.2 -5
v 6 3.1 -5
v 6 3.2 -5
v 3.3 2.1 -5.1
v 3.3 2.3 -5.1
v 3.3 3.5 -5.1
v 3.3 3.7 -5.1
v 3.6 2.1 -5.1
v 3.6 2.3 -5.1
v 3.6 3.5 -5.1
v 3.6 3.7 -5.1
v 0.1 2 -5.2
v 0.1 2.3 -5.2
v 0.1 3.5 -5.2
v 0.1 3.7 -5.2
v 0.2 2 -5.2
v 0.2 2.3 -5.2
v 0.2 3.5 -5.2
v 0.2 3.7 -5.2
v 0.3 2.3 -5.2
v 0.3 3.5 -5.2
v 0.4 2.3 -5.2
v 0.4 3.5 -5.2
v 0.5 2.1 -5.2
v 0.5 2.3 -5.2
v 0.5 3.5 -5.2
v 0.5 3.7 -5.2
v 3.3 2.1 -5.2
v 3.3 2.3 -5.2
v 3.3 3.5 -5.2
v 3.3 3.7 -5.2
v 3.6 2.1 -5.2
v 3.6 2.3 -5.2
v 3.6 3.5 -5.2
v 3.6 3.7 -5.2
v 5.8 2.1 -5.2
v 5.8 2.3 -5.2
v 5.8 3.5 -5.2
v 5.8 3.7 -5.2
v 5.9 2.3 -5.2
v 5.9 3.5 -5.2
v 6 2.3 -5.2
v 6 3.5 -5.2
v 6.1 2 -5.2
v 6.1 2.3 -5.2
v 6.1 3.5 -5.2
v 6.1 3.7 -5.2
v 6.2 2 -5.2
v 6.2 2.3 -5.2
v 6.2 3.5 -5.2
v 6.2 3.7 -5.2
v 0.5 2.3 -5.3
v 0.5 3.5 -5.3
v 0.8 3.1 -5.3
v 0.8 3.2 -5.3
v 0.9 3.2 -5.3
v 0.9 3.3 -5.3
v 1.3 3.2 -5.3
v 1.3 3.3 -5.3
v 1.4 3.1 -5.3
v 1.4 3.2 -5.3
v 2.4 3.1 -5.3
v 2.4 3.2 -5.3
v 2.5 3.2 -5.3
v 2.5 3.3 -5.3
v 2.9 3.2 -5.3
v 2.9 3.3 -5.3
v 3 3.1 -5.3
v 3 3.2 -5.3
v 3.3 2.3 -5.3
v 3.3 3.5 -5.3
v 3.6 2.3 -5.3
v 3.6 3.5 -5.3
v 3.8 3.1 -5.3
v 3.8 3.2 -5.3
v 3.9 3.2 -5.3
v 3.9 3.3 -5.3
v 4.2 3.2 -5.3
v 4.2 3.3 -5.3
v 4.3 3.1 -5.3
v 4.3 3.2 -5.3
v 5.1 3.1 -5.3
v 5.1 3.2 -5.3
v 5.2 3.2 -5.3
v 5.2 3.3 -5.3
v 5.5 3.2 -5.3
v 5.5 3.3 -5.3
v 5.6 3.1 -5.3
v 5.6 3.2 -5.3
v 5.8 2.3 -5.3
v 5.8 3.5 -5.3
v 3.2 3.8 -0.4
v 3.2 3.9 -0.4
v 3.4 3.8 -0.4
v 3.4 3.9 -0.4
v 3.5 3.9 -0.4
v 3.5 4 -0.4
v 3.7 3.9 -0.4
v 3.7 4 -0.4
v 3.8 4 -0.4
v 3.8 4.1 -0.4
v 4 4 -0.4
v 4 4.1 -0.4
v 4.1 4.1 -0.4
v 4.1 4.2 -0.4
v 4.3 4.1 -0.4
v 4.3 4.2 -0.4
v 4.5 4.2 -0.4
v 4.5 4.3 -0.4
v 4.6 4.2 -0.4
v 4.6 4.3 -0.4
v 4.8 4.2 -0.4
v 4.8 4.3 -0.4
v 5 4.2 -0.4
v 5 4.3 -0.4
v 5.1 4.1 -0.4
v 5.1 4.2 -0.4
v 5.3 4.1 -0.4
v 5.3 4.2 -0.4
v 5.4 4 -0.4
v 5.4 4.1 -0.4
v 5.6 4 -0.4
v 5.6 4.1 -0.4
v 5.7 3.9 -0.4
v 5.7 4 -0.4
v 5.9 3.9 -0.4
v 5.9 4 -0.4
v 6 3.8 -0.4
v 6 3.9 -0.4
v 6.2 3.8 -0.4
v 6.2 3.9 -0.4
v 3.6 2.3 -0.6
v 3.6 3.5 -0.6
v 3.7 2.1 -0.6
v 3.7 2.3 -0.6
v 3.8 2.1 -0.6
v 3.9 2.1 -0.6
v 3.9 2.9 -0.6
v 4 2.9 -0.6
v 4 3 -0.6
v 4.5 2.9 -0.6
v 4.5 3 -0.6
v 4.6 2.1 -0.6
v 4.6 2.9 -0.6
v 4.7 2.1 -0.6
v 4.8 2.1 -0.6
v 4.8 2.5 -0.6
v 4.8 3 -0.6
v 4.9 2.1 -0.6
v 4.9 2.4 -0.6
v 4.9 2.5 -0.6
v 4.9 3 -0.6
v 4.9 3.1 -0.6
v 5 2.1 -0.6
v 5.1 2.1 -0.6
v 5.2 2.1 -0.6
v 5.3 2.1 -0.6
v 5.4 2.1 -0.6
v 5.5 2.1 -0.6
v 5.5 2.4 -0.6
v 5.5 2.5 -0.6
v 5.5 3 -0.6
v 5.5 3.1 -0.6
v 5.6 2.1 -0.6
v 5.6 2.5 -0.6
v 5.6 3 -0.6
v 5.7 2.1 -0.6
v 5.7 2.3 -0.6
v 5.8 2.3 -0.6
v 5.8 3.5 -0.6
v 3.2 2 -0.7
v 3.2 2.3 -0.7
v 3.2 3.5 -0.7
v 3.2 3.7 -0.7
v 3.3 2 -0.7
v 3.3 2.3 -0.7
v 3.3 3.5 -0.7
v 3.3 3.7 -0.7
v 3.4 2.3 -0.7
v 3.4 3.5 -0.7
v 3.5 2.3 -0.7
v 3.5 3.5 -0.7
v 3.6 2.1 -0.7
v 3.6 2.3 -0.7
v 3.6 3.5 -0.7
v 3.6 3.7 -0.7
v 3.7 2.1 -0.7
v 3.7 2.3 -0.7
v 3.9 2.1 -0.7
v 3.9 2.9 -0.7
v 4 2.1 -0.7
v 4 2.8 -0.7
v 4 2.9 -0.7
v 4 3 -0.7
v 4.1 2.8 -0.7
v 4.1 2.9 -0.7
v 4.4 2.8 -0.7
v 4.4 2.9 -0.7
v 4.5 2.1 -0.7
v 4.5 2.8 -0.7
v 4.5 2.9 -0.7
v 4.5 3 -0.7
v 4.6 2.1 -0.7
v 4.6 2.9 -0.7
v 4.8 2.5 -0.7
v 4.8 3 -0.7
v 4.9 2.4 -0.7
v 4.9 2.5 -0.7
v 4.9 2.9 -0.7
v 4.9 3 -0.7
v 4.9 3.1 -0.7
v 5 2.9 -0.7
v 5 3 -0.7
v 5.4 2.9 -0.7
v 5.4 3 -0.7
v 5.5 2.4 -0.7
v 5.5 2.5 -0.7
v 5.5 2.9 -0.7
v 5.5 3 -0.7
v 5.5 3.1 -0.7
v 5.6 2.5 -0.7
v 5.6 3 -0.7
v 5.7 2.1 -0.7
v 5.7 2.3 -0.7
v 5.8 2.1 -0.7
v 5.8 2.3 -0.7
v 5.8 3.5 -0.7
v 5.8 3.7 -0.7
v 5.9 2.3 -0.7
v 5.9 3.5 -0.7
v 6 2.3 -0.7
v 6 3.5 -0.7
v 6.1 2 -0.7
v 6.1 2.3 -0.7
v 6.1 3.5 -0.7
v 6.1 3.7 -0.7
v 6.2 2 -0.7
v 6.2 2.3 -0.7
v 6.2 3.5 -0.7
v 6.2 3.7 -0.7
v 3.5 2.1 -0.8
v 3.5 2.3 -0.8
v 3.6 2.1 -0.8
v 3.6 2.3 -0.8
v 5.8 2.1 -0.8
v 5.8 2.3 -0.8
v 5.9 2.1 -0.8
v 5.9 2.3 -0.8
v 0.5 2.3 -2.7
v 0.5 3.5 -2.7
v 0.8 3.1 -2.7
v 0.8 3.2 -2.7
v 0.9 3.2 -2.7
v 0.9 3.3 -2.7
v 1.3 3.2 -2.7
v 1.3 3.3 -2.7
v 1.4 3.1 -2.7
v 1.4 3.2 -2.7
v 2.4 3.1 -2.7
v 2.4 3.2 -2.7
v 2.5 3.2 -2.7
v 2.5 3.3 -2.7
v 2.9 3.2 -2.7
v 2.9 3.3 -2.7
v 3 3.1 -2.7
v 3 3.2 -2.7
v 3.3 2.3 -2.7
v 3.3 3.5 -2.7
v 3.6 2.3 -2.7
v 3.6 3.5 -2.7
v 3.7 2.1 -2.7
v 3.7 2.3 -2.7
v 3.9 2.1 -2.7
v 3.9 2.9 -2.7
v 4 2.9 -2.7
v 4 3 -2.7
v 4.5 2.9 -2.7
v 4.5 3 -2.7
v 4.6 2.1 -2.7
v 4.6 2.9 -2.7
v 5.7 2.1 -2.7
v 5.7 2.3 -2.7
v 5.8 2.3 -2.7
v 5.8 3.5 -2.7
v 0.1 2 -2.8
v 0.1 2.3 -2.8
v 0.1 3.5 -2.8
v 0.1 3.7 -2.8
v 0.2 2 -2.8
v 0.2 2.3 -2.8
v 0.2 3.5 -2.8
v 0.2 3.7 -2.8
v 0.3 2.3 -2.8
v 0.3 3.5 -2.8
v 0.4 2.3 -2.8
v 0.4 3.5 -2.8
v 0.5 2.1 -2.8
v 0.5 2.3 -2.8
v 0.5 3.5 -2.8
v 0.5 3.7 -2.8
v 3.3 2.1 -2.8
v 3.3 2.3 -2.8
v 3.3 3.5 -2.8
v 3.3 3.7 -2.8
v 3.6 2.1 -2.8
v 3.6 2.3 -2.8
v 3.6 3.5 -2.8
v 3.6 3.7 -2.8
v 3.7 2.1 -2.8
v 3.7 2.3 -2.8
v 3.9 2.1 -2.8
v 3.9 2.9 -2.8
v 4 2.1 -2.8
v 4 2.8 -2.8
v 4 2.9 -2.8
v 4 3 -2.8
v 4.1 2.8 -2.8
v 4.1 2.9 -2.8
v 4.4 2.8 -2.8
v 4.4 2.9 -2.8
v 4.5 2.1 -2.8
v 4.5 2.8 -2.8
v 4.5 2.9 -2.8
v 4.5 3 -2.8
v 4.6 2.1 -2.8
v 4.6 2.9 -2.8
v 5.7 2.1 -2.8
v 5.7 2.3 -2.8
v 5.8 2.1 -2.8
v 5.8 2.3 -2.8
v 5.8 3.5 -2.8
v 5.8 3.7 -2.8
v 5.9 2.3 -2.8
v 5.9 3.5 -2.8
v 6 2.3 -2.8
v 6 3.5 -2.8
v 6.1 2 -2.8
v 6.1 2.3 -2.8
v 6.1 3.5 -2.8
v 6.1 3.7 -2.8
v 6.2 2 -2.8
v 6.2 2.3 -2.8
v 6.2 3.5 -2.8
v 6.2 3.7 -2.8
v 3.3 2.1 -2.9
v 3.3 2.3 -2.9
v 3.3 3.5 -2.9
v 3.3 3.7 -2.9
v 3.6 2.1 -2.9
v 3.6 2.3 -2.9
v 3.6 3.5 -2.9
v 3.6 3.7 -2.9
v 0.3 3.1 -3
v 0.3 3.2 -3
v 0.4 3.1 -3
v 0.4 3.2 -3
v 5.9 3.1 -3
v 5.9 3.2 -3
v 6 3.1 -3
v 6 3.2 -3
v 0.3 3.2 -3.1
v 0.3 3.3 -3.1
v 0.4 3.2 -3.1
v 0.4 3.3 -3.1
v 5.9 3.2 -3.1
v 5.9 3.3 -3.1
v 6 3.2 -3.1
v 6 3.3 -3.1
v 0 3.8 -3.3
v 0 3.9 -3.3
v 0.1 3.8 -3.3
v 0.1 3.9 -3.3
v 6.2 3.8 -3.3
v 6.2 3.9 -3.3
v 6.3 3.8 -3.3
v 6.3 3.9 -3.3
v 0 3.9 -3.6
v 0 4 -3.6
v 0.1 3.9 -3.6
v 0.1 4 -3.6
v 6.2 3.9 -3.6
v 6.2 4 -3.6
v 6.3 3.9 -3.6
v 6.3 4 -3.6
v 0 4 -3.9
v 0 4.1 -3.9
v 0.1 4 -3.9
v 0.1 4.1 -3.9
v 6.2 4 -3.9
v 6.2 4.1 -3.9
v 6.3 4 -3.9
v 6.3 4.1 -3.9
v 0.1 4.2 -4.2
v 0.1 4.3 -4.2
v 0.2 4.2 -4.2
v 0.2 4.3 -4.2
v 6.1 4.2 -4.2
v 6.1 4.3 -4.2
v 6.2 4.2 -4.2
v 6.2 4.3 -4.2
v 0 4.2 -4.4
v 0 4.3 -4.4
v 0.1 4.2 -4.4
v 0.1 4.3 -4.4
v 0.3 3.1 -4.4
v 0.3 3.2 -4.4
v 0.4 3.1 -4.4
v 0.4 3.2 -4.4
v 5.9 3.1 -4.4
v 5.9 3.2 -4.4
v 6 3.1 -4.4
v 6 3.2 -4.4
v 6.2 4.2 -4.4
v 6.2 4.3 -4.4
v 6.3 4.2 -4.4
v 6.3 4.3 -4.4
v 0.1 4.1 -4.5
v 0.1 4.2 -4.5
v 0.2 4.1 -4.5
v 0.2 4.2 -4.5
v 0.3 3.2 -4.5
v 0.3 3.3 -4.5
v 0.4 3.2 -4.5
v 0.4 3.3 -4.5
v 5.9 3.2 -4.5
v 5.9 3.3 -4.5
v 6 3.2 -4.5
v 6 3.3 -4.5
v 6.1 4.1 -4.5
v 6.1 4.2 -4.5
v 6.2 4.1 -4.5
v 6.2 4.2 -4.5
v 0 4.1 -4.7
v 0 4.2 -4.7
v 0.1 4.1 -4.7
v 0.1 4.2 -4.7
v 6.2 4.1 -4.7
v 6.2 4.2 -4.7
v 6.3 4.1 -4.7
v 6.3 4.2 -4.7
v 0.1 4 -4.8
v 0.1 4.1 -4.8
v 0.2 4 -4.8
v 0.2 4.1 -4.8
v 6.1 4 -4.8
v 6.1 4.1 -4.8
v 6.2 4 -4.8
v 6.2 4.1 -4.8
v 0 4 -5
v 0 4.1 -5
v 0.1 4 -5
v 0.1 4.1 -5
v 6.2 4 -5
v 6.2 4.1 -5
v 6.3 4 -5
v 6.3 4.1 -5
v 0.1 3.9 -5.1
v 0.1 4 -5.1
v 0.2 3.9 -5.1
v 0.2 4 -5.1
v 6.1 3.9 -5.1
v 6.1 4 -5.1
v 6.2 3.9 -5.1
v 6.2 4 -5.1
v 0 3.9 -5.3
v 0 4 -5.3
v 0.1 3.9 -5.3
v 0.1 4 -5.3
v 6.2 3.9 -5.3
v 6.2 4 -5.3
v 6.3 3.9 -5.3
v 6.3 4 -5.3
v 0.1 3.8 -5.4
v 0.1 3.9 -5.4
v 0.2 3.8 -5.4
v 0.2 3.9 -5.4
v 0.5 2.3 -5.4
v 0.5 3.5 -5.4
v 0.8 3.1 -5.4
v 0.8 3.2 -5.4
v 0.9 3.2 -5.4
v 0.9 3.3 -5.4
v 1.3 3.2 -5.4
v 1.3 3.3 -5.4
v 1.4 3.1 -5.4
v 1.4 3.2 -5.4
v 2.4 3.1 -5.4
v 2.4 3.2 -5.4
v 2.5 3.2 -5.4
v 2.5 3.3 -5.4
v 2.9 3.2 -5.4
v 2.9 3.3 -5.4
v 3 3.1 -5.4
v 3 3.2 -5.4
v 3.3 2.3 -5.4
v 3.3 3.5 -5.4
v 3.6 2.3 -5.4
v 3.6 3.5 -5.4
v 3.8 3.1 -5.4
v 3.8 3.2 -5.4
v 3.9 3.2 -5.4
v 3.9 3.3 -5.4
v 4.2 3.2 -5.4
v 4.2 3.3 -5.4
v 4.3 3.1 -5.4
v 4.3 3.2 -5.4
v 5.1 3.1 -5.4
v 5.1 3.2 -5.4
v 5.2 3.2 -5.4
v 5.2 3.3 -5.4
v 5.5 3.2 -5.4
v 5.5 3.3 -5.4
v 5.6 3.1 -5.4
v 5.6 3.2 -5.4
v 5.8 2.3 -5.4
v 5.8 3.5 -5.4
v 6.1 3.8 -5.4
v 6.1 3.9 -5.4
v 6.2 3.8 -5.4
v 6.2 3.9 -5.4
v 0.1 2 -5.5
v 0.1 2.3 -5.5
v 0.1 3.5 -5.5
v 0.1 3.7 -5.5
v 0.2 2 -5.5
v 0.2 2.3 -5.5
v 0.2 3.5 -5.5
v 0.2 3.7 -5.5
v 0.5 2 -5.5
v 0.5 2.3 -5.5
v 0.5 3.5 -5.5
v 0.5 3.7 -5.5
v 3.3 2 -5.5
v 3.3 2.3 -5.5
v 3.3 3.5 -5.5
v 3.3 3.7 -5.5
v 3.6 2 -5.5
v 3.6 2.3 -5.5
v 3.6 3.5 -5.5
v 3.6 3.7 -5.5
v 5.8 2 -5.5
v 5.8 2.3 -5.5
v 5.8 3.5 -5.5
v 5.8 3.7 -5.5
v 6.1 2 -5.5
v 6.1 2.3 -5.5
v 6.1 3.5 -5.5
v 6.1 3.7 -5.5
v 6.2 2 -5.5
v 6.2 2.3 -5.5
v 6.2 3.5 -5.5
v 6.2 3.7 -5.5
v 0 3.8 -5.6
v 0 3.9 -5.6
v 0.1 3.8 -5.6
v 0.1 3.9 -5.6
v 0.2 2 -5.6
v 0.2 2.3 -5.6
v 0.2 3.5 -5.6
v 0.2 3.7 -5.6
v 0.5 2 -5.6
v 0.5 2.3 -5.6
v 0.5 3.5 -5.6
v 0.5 3.7 -5.6
v 3.3 2 -5.6
v 3.3 2.3 -5.6
v 3.3 3.5 -5.6
v 3.3 3.7 -5.6
v 3.6 2 -5.6
v 3.6 2.3 -5.6
v 3.6 3.5 -5.6
v 3.6 3.7 -5.6
v 5.8 2 -5.6
v 5.8 2.3 -5.6
v 5.8 3.5 -5.6
v 5.8 3.7 -5.6
v 6.1 2 -5.6
v 6.1 2.3 -5.6
v 6.1 3.5 -5.6
v 6.1 3.7 -5.6
v 6.2 3.8 -5.6
v 6.2 3.9 -5.6
v 6.3 3.8 -5.6
v 6.3 3.9 -5.6
v 0 3.7 -5.7
v 0 3.8 -5.7
v 6.3 3.7 -5.7
v 6.3 3.8 -5.7
v 4.1 2 0
v 4.4 2 0
v 4 2 -0.1
v 4.1 2 -0.1
v 4.4 2 -0.1
v 4.5 2 -0.1
v 3.9 2 -0.2
v 4 2 -0.2
v 4.5 2 -0.2
v 4.6 2 -0.2
v 3.3 2 -0.3
v 3.6 2 -0.3
v 5.8 2 -0.3
v 6.1 2 -0.3
v 3.2 2 -0.4
v 3.3 2 -0.4
v 3.6 2 -0.4
v 3.9 2 -0.4
v 4 2 -0.4
v 4.5 2 -0.4
v 4.6 2 -0.4
v 5.8 2 -0.4
v 6.1 2 -0.4
v 6.2 2 -0.4
v 3.6 2 -0.5
v 4 2 -0.5
v 4.5 2 -0.5
v 5.8 2 -0.5
v 3.3 2 -0.6
v 3.4 2 -0.6
v 3.5 2 -0.6
v 3.8 2 -0.6
v 3.9 2 -0.6
v 4 2 -0.6
v 4.1 2 -0.6
v 4.5 2 -0.6
v 4.6 2 -0.6
v 4.7 2 -0.6
v 4.8 2 -0.6
v 4.9 2 -0.6
v 5 2 -0.6
v 5.1 2 -0.6
v 5.2 2 -0.6
v 5.3 2 -0.6
v 5.4 2 -0.6
v 5.5 2 -0.6
v 5.6 2 -0.6
v 5.7 2 -0.6
v 5.8 2 -0.6
v 5.9 2 -0.6
v 3.2 2 -0.7
v 3.3 2 -0.7
v 3.6 2 -0.7
v 3.7 2 -0.7
v 4.2 2 -0.7
v 4.3 2 -0.7
v 4.4 2 -0.7
v 4.5 2 -0.7
v 5 2 -0.7
v 5.1 2 -0.7
v 5.4 2 -0.7
v 5.5 2 -0.7
v 5.9 2 -0.7
v 6 2 -0.7
v 6.1 2 -0.7
v 6.2 2 -0.7
v 4 2 -0.8
v 4.1 2 -0.8
v 5 2 -0.8
v 5.1 2 -0.8
v 5.4 2 -0.8
v 5.5 2 -0.8
v 5.8 2 -0.8
v 5.9 2 -0.8
v 3.4 2 -0.9
v 3.5 2 -0.9
v 3.8 2 -0.9
v 3.9 2 -0.9
v 4 2 -0.9
v 4.1 2 -0.9
v 4.4 2 -0.9
v 4.5 2 -0.9
v 5.2 2 -0.9
v 5.3 2 -0.9
v 5.9 2 -0.9
v 6 2 -0.9
v 3.8 2 -1
v 3.9 2 -1
v 4.4 2 -1
v 4.5 2 -1
v 5.2 2 -1
v 5.3 2 -1
v 5.8 2 -1
v 5.9 2 -1
v 3.6 2 -1.1
v 3.7 2 -1.1
v 4.2 2 -1.1
v 4.3 2 -1.1
v 4.8 2 -1.1
v 4.9 2 -1.1
v 5.8 2 -1.1
v 5.9 2 -1.1
v 4 2 -1.2
v 4.1 2 -1.2
v 4.2 2 -1.2
v 4.3 2 -1.2
v 4.8 2 -1.2
v 4.9 2 -1.2
v 5 2 -1.2
v 5.1 2 -1.2
v 5.4 2 -1.2
v 5.5 2 -1.2
v 5.6 2 -1.2
v 5.7 2 -1.2
v 3.4 2 -1.3
v 3.5 2 -1.3
v 4 2 -1.3
v 4.1 2 -1.3
v 4.6 2 -1.3
v 4.7 2 -1.3
v 5 2 -1.3
v 5.1 2 -1.3
v 5.4 2 -1.3
v 5.5 2 -1.3
v 5.9 2 -1.3
v 6 2 -1.3
v 3.6 2 -1.4
v 3.7 2 -1.4
v 4.6 2 -1.4
v 4.7 2 -1.4
v 5.2 2 -1.4
v 5.3 2 -1.4
v 5.6 2 -1.4
v 5.7 2 -1.4
v 3.8 2 -1.5
v 3.9 2 -1.5
v 4.4 2 -1.5
v 4.5 2 -1.5
v 4.8 2 -1.5
v 4.9 2 -1.5
v 3.8 2 -1.6
v 3.9 2 -1.6
v 4.4 2 -1.6
v 4.5 2 -1.6
v 4.8 2 -1.6
v 4.9 2 -1.6
v 5 2 -1.6
v 5.1 2 -1.6
v 5.2 2 -1.6
v 5.3 2 -1.6
v 5.4 2 -1.7
v 5.5 2 -1.7
v 5.6 2 -1.7
v 5.7 2 -1.7
v 5.8 2 -1.7
v 5.9 2 -1.7
v 4.2 2 -1.8
v 4.3 2 -1.8
v 4.2 2 -1.9
v 4.3 2 -1.9
v 3.6 2 -2
v 3.7 2 -2
v 4 2 -2
v 4.1 2 -2
v 4.6 2 -2
v 4.7 2 -2
v 5.6 2 -2
v 5.7 2 -2
v 5.8 2 -2
v 5.9 2 -2
v 3.6 2 -2.1
v 3.7 2 -2.1
v 4.4 2 -2.1
v 4.5 2 -2.1
v 4.6 2 -2.1
v 4.7 2 -2.1
v 5 2 -2.1
v 5.1 2 -2.1
v 5.2 2 -2.1
v 5.3 2 -2.1
v 5.4 2 -2.1
v 5.5 2 -2.1
v 4 2 -2.2
v 4.1 2 -2.2
v 4.4 2 -2.2
v 4.5 2 -2.2
v 4.8 2 -2.2
v 4.9 2 -2.2
v 5.2 2 -2.2
v 5.3 2 -2.2
v 5.6 2 -2.2
v 5.7 2 -2.2
v 3.8 2 -2.3
v 3.9 2 -2.3
v 4.8 2 -2.3
v 4.9 2 -2.3
v 5.6 2 -2.3
v 5.7 2 -2.3
v 5.8 2 -2.3
v 5.9 2 -2.3
v 0.2 2 -2.4
v 0.5 2 -2.4
v 3.2 2 -2.4
v 3.3 2 -2.4
v 3.8 2 -2.4
v 3.9 2 -2.4
v 5.8 2 -2.4
v 5.9 2 -2.4
v 0.1 2 -2.5
v 0.2 2 -2.5
v 0.5 2 -2.5
v 3.2 2 -2.5
v 3.3 2 -2.5
v 3.4 2 -2.5
v 3.6 2 -2.5
v 3.7 2 -2.5
v 4.2 2 -2.5
v 4.3 2 -2.5
v 4.6 2 -2.5
v 4.7 2 -2.5
v 5.4 2 -2.5
v 5.5 2 -2.5
v 5.7 2 -2.5
v 5.8 2 -2.5
v 6.1 2 -2.5
v 6.2 2 -2.5
v 0.2 2 -2.6
v 3.3 2 -2.6
v 3.5 2 -2.6
v 3.8 2 -2.6
v 3.9 2 -2.6
v 4 2 -2.6
v 4.1 2 -2.6
v 4.4 2 -2.6
v 4.5 2 -2.6
v 4.8 2 -2.6
v 4.9 2 -2.6
v 5 2 -2.6
v 5.1 2 -2.6
v 5.2 2 -2.6
v 5.3 2 -2.6
v 5.6 2 -2.6
v 5.7 2 -2.6
v 5.8 2 -2.6
v 3.7 2 -2.7
v 3.9 2 -2.7
v 0.1 2 -2.8
v 0.2 2 -2.8
v 0.3 2 -2.8
v 0.5 2 -2.8
v 3.7 2 -2.8
v 3.9 2 -2.8
v 4 2 -2.8
v 6.1 2 -2.8
v 6.2 2 -2.8
v 0.1 2 -5.2
v 0.2 2 -5.2
v 0.5 2 -5.2
v 5.8 2 -5.2
v 6.1 2 -5.2
v 6.2 2 -5.2
v 0.3 2 -5.4
v 6 2 -5.4
v 0.1 2 -5.5
v 0.2 2 -5.5
v 0.5 2 -5.5
v 3.3 2 -5.5
v 3.6 2 -5.5
v 5.8 2 -5.5
v 6.1 2 -5.5
v 6.2 2 -5.5
v 0.2 2 -5.6
v 0.5 2 -5.6
v 3.3 2 -5.6
v 3.6 2 -5.6
v 5.8 2 -5.6
v 6.1 2 -5.6
v 4.9 2.4 -0.4
v 5.5 2.4 -0.4
v 4.9 2.4 -0.5
v 5.5 2.4 -0.5
v 4.9 2.4 -0.6
v 5.5 2.4 -0.6
v 4.9 2.4 -0.7
v 5.5 2.4 -0.7
v 4.8 2.5 -0.4
v 4.9 2.5 -0.4
v 5.5 2.5 -0.4
v 5.6 2.5 -0.4
v 4.8 2.5 -0.5
v 4.9 2.5 -0.5
v 5.5 2.5 -0.5
v 5.6 2.5 -0.5
v 4.8 2.5 -0.6
v 4.9 2.5 -0.6
v 5.5 2.5 -0.6
v 5.6 2.5 -0.6
v 4.8 2.5 -0.7
v 4.9 2.5 -0.7
v 5.5 2.5 -0.7
v 5.6 2.5 -0.7
v 4 2.8 -0.4
v 4.1 2.8 -0.4
v 4.4 2.8 -0.4
v 4.5 2.8 -0.4
v 4 2.8 -0.7
v 4.1 2.8 -0.7
v 4.4 2.8 -0.7
v 4.5 2.8 -0.7
v 4 2.8 -2.5
v 4.1 2.8 -2.5
v 4.4 2.8 -2.5
v 4.5 2.8 -2.5
v 4 2.8 -2.8
v 4.1 2.8 -2.8
v 4.4 2.8 -2.8
v 4.5 2.8 -2.8
v 4.1 2.9 -0.4
v 4.4 2.9 -0.4
v 4.9 2.9 -0.4
v 5 2.9 -0.4
v 5.4 2.9 -0.4
v 5.5 2.9 -0.4
v 4.1 2.9 -0.7
v 4.4 2.9 -0.7
v 4.9 2.9 -0.7
v 5 2.9 -0.7
v 5.4 2.9 -0.7
v 5.5 2.9 -0.7
v 4.1 2.9 -2.5
v 4.4 2.9 -2.5
v 4.1 2.9 -2.8
v 4.4 2.9 -2.8
v 5 3 -0.4
v 5.4 3 -0.4
v 5 3 -0.7
v 5.4 3 -0.7
v 4.1 3.2 -0.4
v 4.2 3.2 -0.4
v 5.2 3.2 -0.4
v 5.3 3.2 -0.4
v 4.1 3.2 -0.5
v 4.2 3.2 -0.5
v 5.2 3.2 -0.5
v 5.3 3.2 -0.5
v 0.8 3.2 -2.6
v 0.9 3.2 -2.6
v 1.3 3.2 -2.6
v 1.4 3.2 -2.6
v 2.4 3.2 -2.6
v 2.5 3.2 -2.6
v 2.9 3.2 -2.6
v 3 3.2 -2.6
v 0.8 3.2 -2.7
v 0.9 3.2 -2.7
v 1.3 3.2 -2.7
v 1.4 3.2 -2.7
v 2.4 3.2 -2.7
v 2.5 3.2 -2.7
v 2.9 3.2 -2.7
v 3 3.2 -2.7
v 0.3 3.2 -3
v 0.4 3.2 -3
v 5.9 3.2 -3
v 6 3.2 -3
v 0.3 3.2 -3.1
v 0.4 3.2 -3.1
v 5.9 3.2 -3.1
v 6 3.2 -3.1
v 0.3 3.2 -3.5
v 0.4 3.2 -3.5
v 5.9 3.2 -3.5
v 6 3.2 -3.5
v 0.3 3.2 -3.6
v 0.4 3.2 -3.6
v 5.9 3.2 -3.6
v 6 3.2 -3.6
v 0.3 3.2 -4.4
v 0.4 3.2 -4.4
v 5.9 3.2 -4.4
v 6 3.2 -4.4
v 0.3 3.2 -4.5
v 0.4 3.2 -4.5
v 5.9 3.2 -4.5
v 6 3.2 -4.5
v 0.3 3.2 -4.9
v 0.4 3.2 -4.9
v 5.9 3.2 -4.9
v 6 3.2 -4.9
v 0.3 3.2 -5
v 0.4 3.2 -5
v 5.9 3.2 -5
v 6 3.2 -5
v 0.8 3.2 -5.3
v 0.9 3.2 -5.3
v 1.3 3.2 -5.3
v 1.4 3.2 -5.3
v 2.4 3.2 -5.3
v 2.5 3.2 -5.3
v 2.9 3.2 -5.3
v 3 3.2 -5.3
v 3.8 3.2 -5.3
v 3.9 3.2 -5.3
v 4.2 3.2 -5.3
v 4.3 3.2 -5.3
v 5.1 3.2 -5.3
v 5.2 3.2 -5.3
v 5.5 3.2 -5.3
v 5.6 3.2 -5.3
v 0.8 3.2 -5.4
v 0.9 3.2 -5.4
v 1.3 3.2 -5.4
v 1.4 3.2 -5.4
v 2.4 3.2 -5.4
v 2.5 3.2 -5.4
v 2.9 3.2 -5.4
v 3 3.2 -5.4
v 3.8 3.2 -5.4
v 3.9 3.2 -5.4
v 4.2 3.2 -5.4
v 4.3 3.2 -5.4
v 5.1 3.2 -5.4
v 5.2 3.2 -5.4
v 5.5 3.2 -5.4
v 5.6 3.2 -5.4
v 4 3.3 -0.4
v 4.1 3.3 -0.4
v 5.3 3.3 -0.4
v 5.4 3.3 -0.4
v 4 3.3 -0.5
v 4.1 3.3 -0.5
v 5.3 3.3 -0.5
v 5.4 3.3 -0.5
v 0.9 3.3 -2.6
v 1.3 3.3 -2.6
v 2.5 3.3 -2.6
v 2.9 3.3 -2.6
v 0.9 3.3 -2.7
v 1.3 3.3 -2.7
v 2.5 3.3 -2.7
v 2.9 3.3 -2.7
v 0.3 3.3 -3.1
v 0.4 3.3 -3.1
v 5.9 3.3 -3.1
v 6 3.3 -3.1
v 0.3 3.3 -3.5
v 0.4 3.3 -3.5
v 5.9 3.3 -3.5
v 6 3.3 -3.5
v 0.3 3.3 -4.5
v 0.4 3.3 -4.5
v 5.9 3.3 -4.5
v 6 3.3 -4.5
v 0.3 3.3 -4.9
v 0.4 3.3 -4.9
v 5.9 3.3 -4.9
v 6 3.3 -4.9
v 0.9 3.3 -5.3
v 1.3 3.3 -5.3
v 2.5 3.3 -5.3
v 2.9 3.3 -5.3
v 3.9 3.3 -5.3
v 4.2 3.3 -5.3
v 5.2 3.3 -5.3
v 5.5 3.3 -5.3
v 0.9 3.3 -5.4
v 1.3 3.3 -5.4
v 2.5 3.3 -5.4
v 2.9 3.3 -5.4
v 3.9 3.3 -5.4
v 4.2 3.3 -5.4
v 5.2 3.3 -5.4
v 5.5 3.3 -5.4
v 3.3 3.5 -0.3
v 3.6 3.5 -0.3
v 5.8 3.5 -0.3
v 6.1 3.5 -0.3
v 3.2 3.5 -0.4
v 3.3 3.5 -0.4
v 3.6 3.5 -0.4
v 4.1 3.5 -0.4
v 5.3 3.5 -0.4
v 5.8 3.5 -0.4
v 6.1 3.5 -0.4
v 6.2 3.5 -0.4
v 3.6 3.5 -0.5
v 4.1 3.5 -0.5
v 5.3 3.5 -0.5
v 5.8 3.5 -0.5
v 3.6 3.5 -0.6
v 5.8 3.5 -0.6
v 3.2 3.5 -0.7
v 3.3 3.5 -0.7
v 3.4 3.5 -0.7
v 3.5 3.5 -0.7
v 3.6 3.5 -0.7
v 5.8 3.5 -0.7
v 5.9 3.5 -0.7
v 6 3.5 -0.7
v 6.1 3.5 -0.7
v 6.2 3.5 -0.7
v 0.2 3.5 -2.4
v 0.5 3.5 -2.4
v 3.2 3.5 -2.4
v 3.3 3.5 -2.4
v 3.4 3.5 -2.4
v 0.1 3.5 -2.5
v 0.2 3.5 -2.5
v 0.5 3.5 -2.5
v 3.2 3.5 -2.5
v 3.3 3.5 -2.5
v 3.4 3.5 -2.5
v 3.5 3.5 -2.5
v 3.6 3.5 -2.5
v 5.8 3.5 -2.5
v 5.9 3.5 -2.5
v 6 3.5 -2.5
v 6.1 3.5 -2.5
v 6.2 3.5 -2.5
v 0.5 3.5 -2.6
v 3.2 3.5 -2.6
v 3.3 3.5 -2.6
v 3.6 3.5 -2.6
v 5.8 3.5 -2.6
v 0.5 3.5 -2.7
v 3.3 3.5 -2.7
v 3.6 3.5 -2.7
v 5.8 3.5 -2.7
v 0.1 3.5 -2.8
v 0.2 3.5 -2.8
v 0.3 3.5 -2.8
v 0.4 3.5 -2.8
v 0.5 3.5 -2.8
v 3.3 3.5 -2.8
v 3.6 3.5 -2.8
v 5.8 3.5 -2.8
v 5.9 3.5 -2.8
v 6 3.5 -2.8
v 6.1 3.5 -2.8
v 6.2 3.5 -2.8
v 3.3 3.5 -2.9
v 3.6 3.5 -2.9
v 3.3 3.5 -5.1
v 3.6 3.5 -5.1
v 0.1 3.5 -5.2
v 0.2 3.5 -5.2
v 0.3 3.5 -5.2
v 0.4 3.5 -5.2
v 0.5 3.5 -5.2
v 3.3 3.5 -5.2
v 3.6 3.5 -5.2
v 5.8 3.5 -5.2
v 5.9 3.5 -5.2
v 6 3.5 -5.2
v 6.1 3.5 -5.2
v 6.2 3.5 -5.2
v 0.5 3.5 -5.3
v 3.3 3.5 -5.3
v 3.6 3.5 -5.3
v 5.8 3.5 -5.3
v 0.5 3.5 -5.4
v 3.3 3.5 -5.4
v 3.6 3.5 -5.4
v 5.8 3.5 -5.4
v 0.1 3.5 -5.5
v 0.2 3.5 -5.5
v 0.5 3.5 -5.5
v 3.3 3.5 -5.5
v 3.6 3.5 -5.5
v 5.8 3.5 -5.5
v 6.1 3.5 -5.5
v 6.2 3.5 -5.5
v 0.2 3.5 -5.6
v 0.5 3.5 -5.6
v 3.3 3.5 -5.6
v 3.6 3.5 -5.6
v 5.8 3.5 -5.6
v 6.1 3.5 -5.6
v 3.1 3.7 -0.3
v 3.3 3.7 -0.3
v 3.6 3.7 -0.3
v 5.8 3.7 -0.3
v 6.1 3.7 -0.3
v 6.3 3.7 -0.3
v 3.2 3.7 -0.4
v 3.3 3.7 -0.4
v 3.6 3.7 -0.4
v 5.8 3.7 -0.4
v 6.1 3.7 -0.4
v 6.2 3.7 -0.4
v 3.2 3.7 -0.7
v 3.3 3.7 -0.7
v 3.6 3.7 -0.7
v 5.8 3.7 -0.7
v 6.1 3.7 -0.7
v 6.2 3.7 -0.7
v 0 3.7 -2.3
v 3.1 3.7 -2.3
v 0.2 3.7 -2.4
v 0.5 3.7 -2.4
v 3.2 3.7 -2.4
v 3.3 3.7 -2.4
v 0.1 3.7 -2.5
v 0.2 3.7 -2.5
v 0.5 3.7 -2.5
v 3.2 3.7 -2.5
v 3.6 3.7 -2.5
v 5.8 3.7 -2.5
v 6.1 3.7 -2.5
v 6.2 3.7 -2.5
v 0.1 3.7 -2.8
v 0.2 3.7 -2.8
v 0.5 3.7 -2.8
v 3.3 3.7 -2.8
v 3.6 3.7 -2.8
v 5.8 3.7 -2.8
v 6.1 3.7 -2.8
v 6.2 3.7 -2.8
v 3.3 3.7 -2.9
v 3.6 3.7 -2.9
v 3.3 3.7 -5.1
v 3.6 3.7 -5.1
v 0.1 3.7 -5.2
v 0.2 3.7 -5.2
v 0.5 3.7 -5.2
v 3.3 3.7 -5.2
v 3.6 3.7 -5.2
v 5.8 3.7 -5.2
v 6.1 3.7 -5.2
v 6.2 3.7 -5.2
v 0.1 3.7 -5.5
v 0.2 3.7 -5.5
v 0.5 3.7 -5.5
v 3.3 3.7 -5.5
v 3.6 3.7 -5.5
v 5.8 3.7 -5.5
v 6.1 3.7 -5.5
v 6.2 3.7 -5.5
v 0.2 3.7 -5.6
v 0.5 3.7 -5.6
v 3.3 3.7 -5.6
v 3.6 3.7 -5.6
v 5.8 3.7 -5.6
v 6.1 3.7 -5.6
v 0 3.7 -5.7
v 6.3 3.7 -5.7
v 4 3.9 -0.3
v 4.3 3.9 -0.3
v 5.1 3.9 -0.3
v 5.4 3.9 -0.3
v 4 3.9 -0.4
v 4.3 3.9 -0.4
v 5.1 3.9 -0.4
v 5.4 3.9 -0.4
v 0 3.9 -3.3
v 0.1 3.9 -3.3
v 6.2 3.9 -3.3
v 6.3 3.9 -3.3
v 0 3.9 -3.6
v 0.1 3.9 -3.6
v 6.2 3.9 -3.6
v 6.3 3.9 -3.6
v 0 3.9 -4.5
v 0.1 3.9 -4.5
v 6.2 3.9 -4.5
v 6.3 3.9 -4.5
v 0 3.9 -4.8
v 0.1 3.9 -4.8
v 6.2 3.9 -4.8
v 6.3 3.9 -4.8
v 4.3 4 -0.3
v 4.6 4 -0.3
v 4.8 4 -0.3
v 5.1 4 -0.3
v 4.3 4 -0.4
v 4.6 4 -0.4
v 4.8 4 -0.4
v 5.1 4 -0.4
v 0 4 -3.6
v 0.1 4 -3.6
v 6.2 4 -3.6
v 6.3 4 -3.6
v 0 4 -3.9
v 0.1 4 -3.9
v 6.2 4 -3.9
v 6.3 4 -3.9
v 0 4 -4.2
v 0.1 4 -4.2
v 6.2 4 -4.2
v 6.3 4 -4.2
v 0 4 -4.5
v 0.1 4 -4.5
v 6.2 4 -4.5
v 6.3 4 -4.5
v 4.6 4.1 -0.3
v 4.8 4.1 -0.3
v 4.6 4.1 -0.4
v 4.8 4.1 -0.4
v 0 4.1 -3.9
v 0.1 4.1 -3.9
v 6.2 4.1 -3.9
v 6.3 4.1 -3.9
v 0 4.1 -4.2
v 0.1 4.1 -4.2
v 6.2 4.1 -4.2
v 6.3 4.1 -4.2
v 4.1 2.1 0
v 4.4 2.1 0
v 4 2.1 -0.1
v 4.1 2.1 -0.1
v 4.4 2.1 -0.1
v 4.5 2.1 -0.1
v 3.9 2.1 -0.2
v 4 2.1 -0.2
v 4.5 2.1 -0.2
v 4.6 2.1 -0.2
v 3.9 2.1 -0.4
v 4 2.1 -0.4
v 4.5 2.1 -0.4
v 4.6 2.1 -0.4
v 3.7 2.1 -0.6
v 3.8 2.1 -0.6
v 3.9 2.1 -0.6
v 4 2.1 -0.6
v 4.1 2.1 -0.6
v 4.5 2.1 -0.6
v 4.6 2.1 -0.6
v 4.7 2.1 -0.6
v 4.8 2.1 -0.6
v 4.9 2.1 -0.6
v 5 2.1 -0.6
v 5.1 2.1 -0.6
v 5.2 2.1 -0.6
v 5.3 2.1 -0.6
v 5.4 2.1 -0.6
v 5.5 2.1 -0.6
v 5.6 2.1 -0.6
v 5.7 2.1 -0.6
v 3.6 2.1 -0.7
v 3.7 2.1 -0.7
v 3.9 2.1 -0.7
v 4 2.1 -0.7
v 4.2 2.1 -0.7
v 4.3 2.1 -0.7
v 4.4 2.1 -0.7
v 4.5 2.1 -0.7
v 4.6 2.1 -0.7
v 5 2.1 -0.7
v 5.1 2.1 -0.7
v 5.4 2.1 -0.7
v 5.5 2.1 -0.7
v 5.7 2.1 -0.7
v 5.8 2.1 -0.7
v 3.5 2.1 -0.8
v 3.6 2.1 -0.8
v 4 2.1 -0.8
v 4.1 2.1 -0.8
v 5 2.1 -0.8
v 5.1 2.1 -0.8
v 5.4 2.1 -0.8
v 5.5 2.1 -0.8
v 5.8 2.1 -0.8
v 5.9 2.1 -0.8
v 3.8 2.1 -0.9
v 3.9 2.1 -0.9
v 4 2.1 -0.9
v 4.1 2.1 -0.9
v 4.4 2.1 -0.9
v 4.5 2.1 -0.9
v 5.2 2.1 -0.9
v 5.3 2.1 -0.9
v 3.8 2.1 -1
v 3.9 2.1 -1
v 4.4 2.1 -1
v 4.5 2.1 -1
v 5.2 2.1 -1
v 5.3 2.1 -1
v 5.8 2.1 -1
v 5.9 2.1 -1
v 3.6 2.1 -1.1
v 3.7 2.1 -1.1
v 4.2 2.1 -1.1
v 4.3 2.1 -1.1
v 4.8 2.1 -1.1
v 4.9 2.1 -1.1
v 5.8 2.1 -1.1
v 5.9 2.1 -1.1
v 4 2.1 -1.2
v 4.1 2.1 -1.2
v 4.2 2.1 -1.2
v 4.3 2.1 -1.2
v 4.8 2.1 -1.2
v 4.9 2.1 -1.2
v 5 2.1 -1.2
v 5.1 2.1 -1.2
v 5.4 2.1 -1.2
v 5.5 2.1 -1.2
v 5.6 2.1 -1.2
v 5.7 2.1 -1.2
v 4 2.1 -1.3
v 4.1 2.1 -1.3
v 4.6 2.1 -1.3
v 4.7 2.1 -1.3
v 5 2.1 -1.3
v 5.1 2.1 -1.3
v 5.4 2.1 -1.3
v 5.5 2.1 -1.3
v 3.6 2.1 -1.4
v 3.7 2.1 -1.4
v 4.6 2.1 -1.4
v 4.7 2.1 -1.4
v 5.2 2.1 -1.4
v 5.3 2.1 -1.4
v 5.6 2.1 -1.4
v 5.7 2.1 -1.4
v 3.8 2.1 -1.5
v 3.9 2.1 -1.5
v 4.4 2.1 -1.5
v 4.5 2.1 -1.5
v 4.8 2.1 -1.5
v 4.9 2.1 -1.5
v 3.8 2.1 -1.6
v 3.9 2.1 -1.6
v 4.4 2.1 -1.6
v 4.5 2.1 -1.6
v 4.8 2.1 -1.6
v 4.9 2.1 -1.6
v 5 2.1 -1.6
v 5.1 2.1 -1.6
v 5.2 2.1 -1.6
v 5.3 2.1 -1.6
v 5.4 2.1 -1.7
v 5.5 2.1 -1.7
v 5.6 2.1 -1.7
v 5.7 2.1 -1.7
v 5.8 2.1 -1.7
v 5.9 2.1 -1.7
v 4.2 2.1 -1.8
v 4.3 2.1 -1.8
v 4.2 2.1 -1.9
v 4.3 2.1 -1.9
v 3.6 2.1 -2
v 3.7 2.1 -2
v 4 2.1 -2
v 4.1 2.1 -2
v 4.6 2.1 -2
v 4.7 2.1 -2
v 5.6 2.1 -2
v 5.7 2.1 -2
v 5.8 2.1 -2
v 5.9 2.1 -2
v 3.6 2.1 -2.1
v 3.7 2.1 -2.1
v 4.4 2.1 -2.1
v 4.5 2.1 -2.1
v 4.6 2.1 -2.1
v 4.7 2.1 -2.1
v 5 2.1 -2.1
v 5.1 2.1 -2.1
v 5.2 2.1 -2.1
v 5.3 2.1 -2.1
v 5.4 2.1 -2.1
v 5.5 2.1 -2.1
v 4 2.1 -2.2
v 4.1 2.1 -2.2
v 4.4 2.1 -2.2
v 4.5 2.1 -2.2
v 4.8 2.1 -2.2
v 4.9 2.1 -2.2
v 5.2 2.1 -2.2
v 5.3 2.1 -2.2
v 5.6 2.1 -2.2
v 5.7 2.1 -2.2
v 3.8 2.1 -2.3
v 3.9 2.1 -2.3
v 4.8 2.1 -2.3
v 4.9 2.1 -2.3
v 5.6 2.1 -2.3
v 5.7 2.1 -2.3
v 5.8 2.1 -2.3
v 5.9 2.1 -2.3
v 3.5 2.1 -2.4
v 3.6 2.1 -2.4
v 3.8 2.1 -2.4
v 3.9 2.1 -2.4
v 5.8 2.1 -2.4
v 5.9 2.1 -2.4
v 3.6 2.1 -2.5
v 3.7 2.1 -2.5
v 3.9 2.1 -2.5
v 4 2.1 -2.5
v 4.2 2.1 -2.5
v 4.3 2.1 -2.5
v 4.5 2.1 -2.5
v 4.6 2.1 -2.5
v 4.7 2.1 -2.5
v 5.4 2.1 -2.5
v 5.5 2.1 -2.5
v 5.7 2.1 -2.5
v 5.8 2.1 -2.5
v 3.7 2.1 -2.6
v 3.8 2.1 -2.6
v 3.9 2.1 -2.6
v 4 2.1 -2.6
v 4.1 2.1 -2.6
v 4.4 2.1 -2.6
v 4.5 2.1 -2.6
v 4.6 2.1 -2.6
v 4.8 2.1 -2.6
v 4.9 2.1 -2.6
v 5 2.1 -2.6
v 5.1 2.1 -2.6
v 5.2 2.1 -2.6
v 5.3 2.1 -2.6
v 5.6 2.1 -2.6
v 5.7 2.1 -2.6
v 3.7 2.1 -2.7
v 3.9 2.1 -2.7
v 4.6 2.1 -2.7
v 5.7 2.1 -2.7
v 0.5 2.1 -2.8
v 3.3 2.1 -2.8
v 3.6 2.1 -2.8
v 3.7 2.1 -2.8
v 3.9 2.1 -2.8
v 4 2.1 -2.8
v 4.5 2.1 -2.8
v 4.6 2.1 -2.8
v 5.7 2.1 -2.8
v 5.8 2.1 -2.8
v 3.3 2.1 -2.9
v 3.6 2.1 -2.9
v 3.3 2.1 -5.1
v 3.6 2.1 -5.1
v 0.5 2.1 -5.2
v 3.3 2.1 -5.2
v 3.6 2.1 -5.2
v 5.8 2.1 -5.2
v 3.3 2.3 -0.3
v 3.6 2.3 -0.3
v 5.8 2.3 -0.3
v 6.1 2.3 -0.3
v 3.2 2.3 -0.4
v 3.3 2.3 -0.4
v 3.6 2.3 -0.4
v 3.9 2.3 -0.4
v 4.6 2.3 -0.4
v 5.8 2.3 -0.4
v 6.1 2.3 -0.4
v 6.2 2.3 -0.4
v 3.6 2.3 -0.5
v 3.9 2.3 -0.5
v 4.6 2.3 -0.5
v 5.8 2.3 -0.5
v 3.6 2.3 -0.6
v 3.7 2.3 -0.6
v 5.7 2.3 -0.6
v 5.8 2.3 -0.6
v 3.2 2.3 -0.7
v 3.3 2.3 -0.7
v 3.4 2.3 -0.7
v 3.5 2.3 -0.7
v 3.6 2.3 -0.7
v 3.7 2.3 -0.7
v 5.7 2.3 -0.7
v 5.8 2.3 -0.7
v 5.9 2.3 -0.7
v 6 2.3 -0.7
v 6.1 2.3 -0.7
v 6.2 2.3 -0.7
v 3.5 2.3 -0.8
v 3.6 2.3 -0.8
v 5.8 2.3 -0.8
v 5.9 2.3 -0.8
v 0.2 2.3 -2.4
v 0.5 2.3 -2.4
v 3.2 2.3 -2.4
v 3.3 2.3 -2.4
v 3.5 2.3 -2.4
v 3.6 2.3 -2.4
v 5.8 2.3 -2.4
v 5.9 2.3 -2.4
v 0.1 2.3 -2.5
v 0.2 2.3 -2.5
v 0.5 2.3 -2.5
v 3.2 2.3 -2.5
v 3.3 2.3 -2.5
v 3.4 2.3 -2.5
v 3.5 2.3 -2.5
v 3.6 2.3 -2.5
v 3.7 2.3 -2.5
v 5.7 2.3 -2.5
v 5.8 2.3 -2.5
v 5.9 2.3 -2.5
v 6 2.3 -2.5
v 6.1 2.3 -2.5
v 6.2 2.3 -2.5
v 0.5 2.3 -2.6
v 3.3 2.3 -2.6
v 3.6 2.3 -2.6
v 3.7 2.3 -2.6
v 5.7 2.3 -2.6
v 5.8 2.3 -2.6
v 0.5 2.3 -2.7
v 3.3 2.3 -2.7
v 3.6 2.3 -2.7
v 3.7 2.3 -2.7
v 5.7 2.3 -2.7
v 5.8 2.3 -2.7
v 0.1 2.3 -2.8
v 0.2 2.3 -2.8
v 0.3 2.3 -2.8
v 0.4 2.3 -2.8
v 0.5 2.3 -2.8
v 3.3 2.3 -2.8
v 3.6 2.3 -2.8
v 3.7 2.3 -2.8
v 5.7 2.3 -2.8
v 5.8 2.3 -2.8
v 5.9 2.3 -2.8
v 6 2.3 -2.8
v 6.1 2.3 -2.8
v 6.2 2.3 -2.8
v 3.3 2.3 -2.9
v 3.6 2.3 -2.9
v 3.3 2.3 -5.1
v 3.6 2.3 -5.1
v 0.1 2.3 -5.2
v 0.2 2.3 -5.2
v 0.3 2.3 -5.2
v 0.4 2.3 -5.2
v 0.5 2.3 -5.2
v 3.3 2.3 -5.2
v 3.6 2.3 -5.2
v 5.8 2.3 -5.2
v 5.9 2.3 -5.2
v 6 2.3 -5.2
v 6.1 2.3 -5.2
v 6.2 2.3 -5.2
v 0.5 2.3 -5.3
v 3.3 2.3 -5.3
v 3.6 2.3 -5.3
v 5.8 2.3 -5.3
v 0.5 2.3 -5.4
v 3.3 2.3 -5.4
v 3.6 2.3 -5.4
v 5.8 2.3 -5.4
v 0.1 2.3 -5.5
v 0.2 2.3 -5.5
v 0.5 2.3 -5.5
v 3.3 2.3 -5.5
v 3.6 2.3 -5.5
v 5.8 2.3 -5.5
v 6.1 2.3 -5.5
v 6.2 2.3 -5.5
v 0.2 2.3 -5.6
v 0.5 2.3 -5.6
v 3.3 2.3 -5.6
v 3.6 2.3 -5.6
v 5.8 2.3 -5.6
v 6.1 2.3 -5.6
v 4.9 2.5 -0.4
v 5.5 2.5 -0.4
v 4.9 2.5 -0.7
v 5.5 2.5 -0.7
v 3.9 2.9 -0.4
v 4 2.9 -0.4
v 4.5 2.9 -0.4
v 4.6 2.9 -0.4
v 3.9 2.9 -0.5
v 4 2.9 -0.5
v 4.5 2.9 -0.5
v 4.6 2.9 -0.5
v 3.9 2.9 -0.6
v 4 2.9 -0.6
v 4.5 2.9 -0.6
v 4.6 2.9 -0.6
v 3.9 2.9 -0.7
v 4 2.9 -0.7
v 4.5 2.9 -0.7
v 4.6 2.9 -0.7
v 3.9 2.9 -2.5
v 4 2.9 -2.5
v 4.5 2.9 -2.5
v 4.6 2.9 -2.5
v 3.9 2.9 -2.6
v 4 2.9 -2.6
v 4.5 2.9 -2.6
v 4.6 2.9 -2.6
v 3.9 2.9 -2.7
v 4 2.9 -2.7
v 4.5 2.9 -2.7
v 4.6 2.9 -2.7
v 3.9 2.9 -2.8
v 4 2.9 -2.8
v 4.5 2.9 -2.8
v 4.6 2.9 -2.8
v 4 3 -0.4
v 4.5 3 -0.4
v 4.8 3 -0.4
v 4.9 3 -0.4
v 5.5 3 -0.4
v 5.6 3 -0.4
v 4 3 -0.5
v 4.5 3 -0.5
v 4.8 3 -0.5
v 4.9 3 -0.5
v 5.5 3 -0.5
v 5.6 3 -0.5
v 4 3 -0.6
v 4.5 3 -0.6
v 4.8 3 -0.6
v 4.9 3 -0.6
v 5.5 3 -0.6
v 5.6 3 -0.6
v 4 3 -0.7
v 4.5 3 -0.7
v 4.8 3 -0.7
v 4.9 3 -0.7
v 5.5 3 -0.7
v 5.6 3 -0.7
v 4 3 -2.5
v 4.5 3 -2.5
v 4 3 -2.6
v 4.5 3 -2.6
v 4 3 -2.7
v 4.5 3 -2.7
v 4 3 -2.8
v 4.5 3 -2.8
v 4.9 3.1 -0.4
v 5.5 3.1 -0.4
v 4.9 3.1 -0.5
v 5.5 3.1 -0.5
v 4.9 3.1 -0.6
v 5.5 3.1 -0.6
v 4.9 3.1 -0.7
v 5.5 3.1 -0.7
v 0.8 3.1 -2.6
v 1.4 3.1 -2.6
v 2.4 3.1 -2.6
v 3 3.1 -2.6
v 0.8 3.1 -2.7
v 1.4 3.1 -2.7
v 2.4 3.1 -2.7
v 3 3.1 -2.7
v 0.3 3.1 -3
v 0.4 3.1 -3
v 5.9 3.1 -3
v 6 3.1 -3
v 0.3 3.1 -3.6
v 0.4 3.1 -3.6
v 5.9 3.1 -3.6
v 6 3.1 -3.6
v 0.3 3.1 -4.4
v 0.4 3.1 -4.4
v 5.9 3.1 -4.4
v 6 3.1 -4.4
v 0.3 3.1 -5
v 0.4 3.1 -5
v 5.9 3.1 -5
v 6 3.1 -5
v 0.8 3.1 -5.3
v 1.4 3.1 -5.3
v 2.4 3.1 -5.3
v 3 3.1 -5.3
v 3.8 3.1 -5.3
v 4.3 3.1 -5.3
v 5.1 3.1 -5.3
v 5.6 3.1 -5.3
v 0.8 3.1 -5.4
v 1.4 3.1 -5.4
v 2.4 3.1 -5.4
v 3 3.1 -5.4
v 3.8 3.1 -5.4
v 4.3 3.1 -5.4
v 5.1 3.1 -5.4
v 5.6 3.1 -5.4
v 4 3.4 -0.4
v 4.1 3.4 -0.4
v 5.3 3.4 -0.4
v 5.4 3.4 -0.4
v 4 3.4 -0.5
v 4.1 3.4 -0.5
v 5.3 3.4 -0.5
v 5.4 3.4 -0.5
v 3.1 3.8 -0.3
v 3.2 3.8 -0.3
v 4 3.8 -0.3
v 5.4 3.8 -0.3
v 6.2 3.8 -0.3
v 6.3 3.8 -0.3
v 3.2 3.8 -0.4
v 3.4 3.8 -0.4
v 4 3.8 -0.4
v 5.4 3.8 -0.4
v 6 3.8 -0.4
v 6.2 3.8 -0.4
v 3.3 3.8 -0.5
v 3.4 3.8 -0.5
v 6 3.8 -0.5
v 6.1 3.8 -0.5
v 0 3.8 -2.3
v 3.1 3.8 -2.3
v 0 3.8 -2.5
v 0.1 3.8 -2.5
v 6.2 3.8 -2.5
v 6.3 3.8 -2.5
v 0.2 3.8 -2.6
v 3.3 3.8 -2.6
v 0.1 3.8 -2.7
v 0.2 3.8 -2.7
v 3.4 3.8 -2.7
v 6 3.8 -2.7
v 6.1 3.8 -2.7
v 6.2 3.8 -2.7
v 0 3.8 -3.3
v 0.1 3.8 -3.3
v 6.2 3.8 -3.3
v 6.3 3.8 -3.3
v 0 3.8 -4.8
v 0.1 3.8 -4.8
v 6.2 3.8 -4.8
v 6.3 3.8 -4.8
v 0.1 3.8 -5.4
v 0.2 3.8 -5.4
v 6.1 3.8 -5.4
v 6.2 3.8 -5.4
v 0.2 3.8 -5.5
v 6.1 3.8 -5.5
v 0 3.8 -5.6
v 0.1 3.8 -5.6
v 6.2 3.8 -5.6
v 6.3 3.8 -5.6
v 0 3.8 -5.7
v 6.3 3.8 -5.7
v 3.2 3.9 -0.3
v 3.5 3.9 -0.3
v 5.9 3.9 -0.3
v 6.2 3.9 -0.3
v 3.2 3.9 -0.4
v 3.4 3.9 -0.4
v 3.5 3.9 -0.4
v 3.7 3.9 -0.4
v 5.7 3.9 -0.4
v 5.9 3.9 -0.4
v 6 3.9 -0.4
v 6.2 3.9 -0.4
v 3.4 3.9 -0.5
v 3.7 3.9 -0.5
v 5.7 3.9 -0.5
v 6 3.9 -0.5
v 0 3.9 -2.5
v 0.1 3.9 -2.5
v 6.2 3.9 -2.5
v 6.3 3.9 -2.5
v 0.1 3.9 -2.7
v 0.2 3.9 -2.7
v 3.4 3.9 -2.7
v 6 3.9 -2.7
v 6.1 3.9 -2.7
v 6.2 3.9 -2.7
v 0 3.9 -2.8
v 0.1 3.9 -2.8
v 6.2 3.9 -2.8
v 6.3 3.9 -2.8
v 0.1 3.9 -3
v 0.2 3.9 -3
v 3.7 3.9 -3
v 5.7 3.9 -3
v 6.1 3.9 -3
v 6.2 3.9 -3
v 0.1 3.9 -5.1
v 0.2 3.9 -5.1
v 6.1 3.9 -5.1
v 6.2 3.9 -5.1
v 0 3.9 -5.3
v 0.1 3.9 -5.3
v 6.2 3.9 -5.3
v 6.3 3.9 -5.3
v 0.1 3.9 -5.4
v 0.2 3.9 -5.4
v 6.1 3.9 -5.4
v 6.2 3.9 -5.4
v 0 3.9 -5.6
v 0.1 3.9 -5.6
v 6.2 3.9 -5.6
v 6.3 3.9 -5.6
v 3.5 4 -0.3
v 3.8 4 -0.3
v 5.6 4 -0.3
v 5.9 4 -0.3
v 3.5 4 -0.4
v 3.7 4 -0.4
v 3.8 4 -0.4
v 4 4 -0.4
v 5.4 4 -0.4
v 5.6 4 -0.4
v 5.7 4 -0.4
v 5.9 4 -0.4
v 3.7 4 -0.5
v 4 4 -0.5
v 5.4 4 -0.5
v 5.7 4 -0.5
v 0 4 -2.8
v 0.1 4 -2.8
v 6.2 4 -2.8
v 6.3 4 -2.8
v 0.1 4 -3
v 0.2 4 -3
v 3.7 4 -3
v 5.7 4 -3
v 6.1 4 -3
v 6.2 4 -3
v 0 4 -3.1
v 0.1 4 -3.1
v 6.2 4 -3.1
v 6.3 4 -3.1
v 0.1 4 -3.3
v 0.2 4 -3.3
v 4 4 -3.3
v 5.4 4 -3.3
v 6.1 4 -3.3
v 6.2 4 -3.3
v 0.1 4 -4.8
v 0.2 4 -4.8
v 6.1 4 -4.8
v 6.2 4 -4.8
v 0 4 -5
v 0.1 4 -5
v 6.2 4 -5
v 6.3 4 -5
v 0.1 4 -5.1
v 0.2 4 -5.1
v 6.1 4 -5.1
v 6.2 4 -5.1
v 0 4 -5.3
v 0.1 4 -5.3
v 6.2 4 -5.3
v 6.3 4 -5.3
v 3.8 4.1 -0.3
v 4.1 4.1 -0.3
v 5.3 4.1 -0.3
v 5.6 4.1 -0.3
v 3.8 4.1 -0.4
v 4 4.1 -0.4
v 4.1 4.1 -0.4
v 4.3 4.1 -0.4
v 5.1 4.1 -0.4
v 5.3 4.1 -0.4
v 5.4 4.1 -0.4
v 5.6 4.1 -0.4
v 4 4.1 -0.5
v 4.3 4.1 -0.5
v 5.1 4.1 -0.5
v 5.4 4.1 -0.5
v 0 4.1 -3.1
v 0.1 4.1 -3.1
v 6.2 4.1 -3.1
v 6.3 4.1 -3.1
v 0.1 4.1 -3.3
v 0.2 4.1 -3.3
v 4 4.1 -3.3
v 5.4 4.1 -3.3
v 6.1 4.1 -3.3
v 6.2 4.1 -3.3
v 0 4.1 -3.4
v 0.1 4.1 -3.4
v 6.2 4.1 -3.4
v 6.3 4.1 -3.4
v 0.1 4.1 -3.6
v 0.2 4.1 -3.6
v 4.3 4.1 -3.6
v 5.1 4.1 -3.6
v 6.1 4.1 -3.6
v 6.2 4.1 -3.6
v 0.1 4.1 -4.5
v 0.2 4.1 -4.5
v 6.1 4.1 -4.5
v 6.2 4.1 -4.5
v 0 4.1 -4.7
v 0.1 4.1 -4.7
v 6.2 4.1 -4.7
v 6.3 4.1 -4.7
v 0.1 4.1 -4.8
v 0.2 4.1 -4.8
v 6.1 4.1 -4.8
v 6.2 4.1 -4.8
v 0 4.1 -5
v 0.1 4.1 -5
v 6.2 4.1 -5
v 6.3 4.1 -5
v 4.1 4.2 -0.3
v 4.5 4.2 -0.3
v 5 4.2 -0.3
v 5.3 4.2 -0.3
v 4.1 4.2 -0.4
v 4.3 4.2 -0.4
v 4.5 4.2 -0.4
v 4.6 4.2 -0.4
v 4.8 4.2 -0.4
v 5 4.2 -0.4
v 5.1 4.2 -0.4
v 5.3 4.2 -0.4
v 4.3 4.2 -0.5
v 4.6 4.2 -0.5
v 4.8 4.2 -0.5
v 5.1 4.2 -0.5
v 0 4.2 -3.4
v 0.1 4.2 -3.4
v 6.2 4.2 -3.4
v 6.3 4.2 -3.4
v 0.1 4.2 -3.6
v 0.2 4.2 -3.6
v 4.3 4.2 -3.6
v 5.1 4.2 -3.6
v 6.1 4.2 -3.6
v 6.2 4.2 -3.6
v 0 4.2 -3.7
v 0.1 4.2 -3.7
v 6.2 4.2 -3.7
v 6.3 4.2 -3.7
v 0.1 4.2 -3.9
v 0.2 4.2 -3.9
v 4.6 4.2 -3.9
v 4.8 4.2 -3.9
v 6.1 4.2 -3.9
v 6.2 4.2 -3.9
v 0.1 4.2 -4.2
v 0.2 4.2 -4.2
v 6.1 4.2 -4.2
v 6.2 4.2 -4.2
v 0 4.2 -4.4
v 0.1 4.2 -4.4
v 6.2 4.2 -4.4
v 6.3 4.2 -4.4
v 0.1 4.2 -4.5
v 0.2 4.2 -4.5
v 6.1 4.2 -4.5
v 6.2 4.2 -4.5
v 0 4.2 -4.7
v 0.1 4.2 -4.7
v 6.2 4.2 -4.7
v 6.3 4.2 -4.7
v 4.5 4.3 -0.3
v 5 4.3 -0.3
v 4.5 4.3 -0.4
v 4.6 4.3 -0.4
v 4.8 4.3 -0.4
v 5 4.3 -0.4
v 4.6 4.3 -0.5
v 4.8 4.3 -0.5
v 0 4.3 -3.7
v 0.1 4.3 -3.7
v 6.2 4.3 -3.7
v 6.3 4.3 -3.7
v 0.1 4.3 -3.9
v 0.2 4.3 -3.9
v 4.6 4.3 -3.9
v 4.8 4.3 -3.9
v 6.1 4.3 -3.9
v 6.2 4.3 -3.9
v 0.1 4.3 -4.2
v 0.2 4.3 -4.2
v 6.1 4.3 -4.2
v 6.2 4.3 -4.2
v 0 4.3 -4.4
v 0.1 4.3 -4.4
v 6.2 4.3 -4.4
v 6.3 4.3 -4.4

# faces
f 3/8/1 2/8/1 1/8/1
f 4/8/1 2/8/1 3/8/1
f 5/8/1 2/8/1 4/8/1
f 6/8/1 2/8/1 5/8/1
f 7/8/1 2/8/1 6/8/1
f 8/8/1 2/8/1 7/8/1
f 9/8/1 5/8/1 4/8/1
f 10/8/1 5/8/1 9/8/1
f 11/8/1 5/8/1 10/8/1
f 14/8/1 7/8/1 6/8/1
f 15/8/1 7/8/1 14/8/1
f 16/8/1 7/8/1 15/8/1
f 17/8/1 12/8/1 11/8/1
f 17/8/1 11/8/1 10/8/1
f 18/8/1 12/8/1 17/8/1
f 19/8/1 12/8/1 18/8/1
f 22/8/1 15/8/1 14/8/1
f 22/8/1 14/8/1 13/8/1
f 23/8/1 15/8/1 22/8/1
f 24/8/1 15/8/1 23/8/1
f 25/8/1 20/8/1 19/8/1
f 25/8/1 19/8/1 18/8/1
f 26/8/1 20/8/1 25/8/1
f 27/8/1 20/8/1 26/8/1
f 28/8/1 23/8/1 22/8/1
f 28/8/1 22/8/1 21/8/1
f 29/8/1 23/8/1 28/8/1
f 30/8/1 23/8/1 29/8/1
f 31/8/1 27/8/1 26/8/1
f 31/8/1 29/8/1 28/8/1
f 31/8/1 28/8/1 27/8/1
f 32/8/1 29/8/1 31/8/1
f 33/8/1 29/8/1 32/8/1
f 34/8/1 29/8/1 33/8/1
f 35/8/1 33/8/1 32/8/1
f 36/8/1 33/8/1 35/8/1
f 41/7/1 38/7/1 37/7/1
f 42/7/1 38/7/1 41/7/1
f 43/7/1 40/7/1 39/7/1
f 44/7/1 40/7/1 43/7/1
f 49/7/1 46/7/1 45/7/1
f 50/7/1 46/7/1 49/7/1
f 51/7/1 48/7/1 47/7/1
f 52/7/1 48/7/1 51/7/1
f 55/5/1 54/5/1 53/5/1
f 56/5/1 54/5/1 55/5/1
f 57/5/1 54/5/1 56/5/1
f 58/5/1 54/5/1 57/5/1
f 59/5/1 57/5/1 56/5/1
f 60/5/1 57/5/1 59/5/1
f 61/5/1 57/5/1 60/5/1
f 62/5/1 57/5/1 61/5/1
f 63/5/1 61/5/1 60/5/1
f 64/5/1 61/5/1 63/5/1
f 71/7/1 66/7/1 65/7/1
f 72/7/1 66/7/1 71/7/1
f 73/7/1 68/7/1 67/7/1
f 74/7/1 68/7/1 73/7/1
f 75/7/1 70/7/1 69/7/1
f 76/7/1 70/7/1 75/7/1
f 78/7/1 73/7/1 72/7/1
f 79/7/1 73/7/1 78/7/1
f 80/7/1 75/7/1 74/7/1
f 81/7/1 75/7/1 80/7/1
f 83/7/1 78/7/1 77/7/1
f 84/7/1 78/7/1 83/7/1
f 85/7/1 80/7/1 79/7/1
f 86/7/1 80/7/1 85/7/1
f 87/7/1 82/7/1 81/7/1
f 88/7/1 82/7/1 87/7/1
f 91/5/1 90/5/1 89/5/1
f 92/5/1 90/5/1 91/5/1
f 93/5/1 90/5/1 92/5/1
f 94/5/1 90/5/1 93/5/1
f 95/5/1 91/5/1 89/5/1
f 98/5/1 93/5/1 92/5/1
f 99/5/1 93/5/1 98/5/1
f 102/5/1 90/5/1 94/5/1
f 103/5/1 96/5/1 95/5/1
f 104/5/1 100/5/1 99/5/1
f 104/5/1 98/5/1 97/5/1
f 104/5/1 99/5/1 98/5/1
f 105/5/1 100/5/1 104/5/1
f 106/5/1 102/5/1 101/5/1
f 107/5/1 103/5/1 95/5/1
f 107/5/1 106/5/1 105/5/1
f 107/5/1 105/5/1 104/5/1
f 107/5/1 95/5/1 89/5/1
f 107/5/1 104/5/1 103/5/1
f 108/5/1 102/5/1 106/5/1
f 108/5/1 106/5/1 107/5/1
f 108/5/1 90/5/1 102/5/1
f 113/5/1 110/5/1 109/5/1
f 114/5/1 110/5/1 113/5/1
f 115/5/1 112/5/1 111/5/1
f 116/5/1 112/5/1 115/5/1
f 121/5/1 118/5/1 117/5/1
f 122/5/1 118/5/1 121/5/1
f 123/5/1 120/5/1 119/5/1
f 124/5/1 120/5/1 123/5/1
f 129/5/1 126/5/1 125/5/1
f 130/5/1 126/5/1 129/5/1
f 131/5/1 128/5/1 127/5/1
f 132/5/1 128/5/1 131/5/1
f 137/5/1 134/5/1 133/5/1
f 138/5/1 134/5/1 137/5/1
f 139/5/1 136/5/1 135/5/1
f 140/5/1 136/5/1 139/5/1
f 143/8/1 142/8/1 141/8/1
f 144/8/1 142/8/1 143/8/1
f 149/7/1 146/7/1 145/7/1
f 150/7/1 146/7/1 149/7/1
f 151/7/1 148/7/1 147/7/1
f 152/7/1 148/7/1 151/7/1
f 157/7/1 154/7/1 153/7/1
f 158/7/1 154/7/1 157/7/1
f 159/7/1 156/7/1 155/7/1
f 160/7/1 156/7/1 159/7/1
f 163/8/1 162/8/1 161/8/1
f 164/8/1 162/8/1 163/8/1
f 175/7/1 166/7/1 165/7/1
f 176/7/1 166/7/1 175/7/1
f 177/7/1 168/7/1 167/7/1
f 178/7/1 168/7/1 177/7/1
f 182/7/1 172/7/1 171/7/1
f 183/7/1 172/7/1 182/7/1
f 184/7/1 174/7/1 173/7/1
f 185/7/1 174/7/1 184/7/1
f 188/7/1 170/7/1 169/7/1
f 189/7/1 170/7/1 188/7/1
f 191/7/1 177/7/1 176/7/1
f 192/7/1 177/7/1 191/7/1
f 194/7/1 180/7/1 179/7/1
f 195/7/1 180/7/1 194/7/1
f 196/7/1 182/7/1 181/7/1
f 197/7/1 182/7/1 196/7/1
f 200/7/1 186/7/1 185/7/1
f 201/7/1 186/7/1 200/7/1
f 202/7/1 188/7/1 187/7/1
f 203/7/1 188/7/1 202/7/1
f 205/7/1 191/7/1 190/7/1
f 206/7/1 191/7/1 205/7/1
f 207/7/1 193/7/1 192/7/1
f 208/7/1 193/7/1 207/7/1
f 209/7/1 198/7/1 197/7/1
f 210/7/1 198/7/1 209/7/1
f 211/7/1 200/7/1 199/7/1
f 212/7/1 200/7/1 211/7/1
f 213/7/1 204/7/1 203/7/1
f 214/7/1 204/7/1 213/7/1
f 217/5/1 216/5/1 215/5/1
f 218/5/1 216/5/1 217/5/1
f 219/5/1 216/5/1 218/5/1
f 223/8/1 221/8/1 220/8/1
f 224/7/1 222/7/1 221/7/1
f 224/8/1 221/8/1 223/8/1
f 225/7/1 222/7/1 224/7/1
f 228/8/1 227/8/1 226/8/1
f 229/8/1 227/8/1 228/8/1
f 233/8/1 231/8/1 230/8/1
f 234/7/1 232/7/1 231/7/1
f 234/8/1 231/8/1 233/8/1
f 235/7/1 232/7/1 234/7/1
f 238/8/1 237/8/1 236/8/1
f 239/8/1 237/8/1 238/8/1
f 242/6/1 241/6/1 240/6/1
f 243/6/1 241/6/1 242/6/1
f 252/7/1 251/7/1 250/7/1
f 253/7/1 251/7/1 252/7/1
f 254/7/1 245/7/1 244/7/1
f 255/7/1 245/7/1 254/7/1
f 256/7/1 247/7/1 246/7/1
f 257/7/1 247/7/1 256/7/1
f 258/7/1 249/7/1 248/7/1
f 259/7/1 249/7/1 258/7/1
f 262/6/1 261/6/1 260/6/1
f 263/6/1 261/6/1 262/6/1
f 272/7/1 265/7/1 264/7/1
f 273/7/1 265/7/1 272/7/1
f 274/7/1 267/7/1 266/7/1
f 275/7/1 267/7/1 274/7/1
f 276/7/1 269/7/1 268/7/1
f 277/7/1 269/7/1 276/7/1
f 278/7/1 271/7/1 270/7/1
f 279/7/1 271/7/1 278/7/1
f 282/4/1 281/4/1 280/4/1
f 283/4/1 281/4/1 282/4/1
f 287/8/1 285/8/1 284/8/1
f 288/7/1 286/7/1 285/7/1
f 288/8/1 285/8/1 287/8/1
f 289/7/1 286/7/1 288/7/1
f 292/6/1 291/6/1 290/6/1
f 293/6/1 291/6/1 292/6/1
f 296/4/1 295/4/1 294/4/1
f 297/4/1 295/4/1 296/4/1
f 300/4/1 299/4/1 298/4/1
f 301/4/1 299/4/1 300/4/1
f 304/8/1 303/8/1 302/8/1
f 305/8/1 303/8/1 304/8/1
f 308/5/1 307/5/1 306/5/1
f 309/5/1 307/5/1 308/5/1
f 312/5/1 311/5/1 310/5/1
f 313/5/1 311/5/1 312/5/1
f 317/8/1 315/8/1 314/8/1
f 318/7/1 316/7/1 315/7/1
f 318/8/1 315/8/1 317/8/1
f 319/7/1 316/7/1 318/7/1
f 324/7/1 321/7/1 320/7/1
f 325/7/1 321/7/1 324/7/1
f 326/7/1 323/7/1 322/7/1
f 327/7/1 323/7/1 326/7/1
f 334/7/1 329/7/1 328/7/1
f 334/7/1 330/7/1 329/7/1
f 335/7/1 330/7/1 334/7/1
f 336/7/1 333/7/1 332/7/1
f 336/7/1 332/7/1 331/7/1
f 337/7/1 333/7/1 336/7/1
f 340/8/1 339/8/1 338/8/1
f 341/8/1 339/8/1 340/8/1
f 345/8/1 343/8/1 342/8/1
f 346/7/1 344/7/1 343/7/1
f 346/8/1 343/8/1 345/8/1
f 347/7/1 344/7/1 346/7/1
f 352/7/1 349/7/1 348/7/1
f 353/7/1 349/7/1 352/7/1
f 354/7/1 351/7/1 350/7/1
f 355/7/1 351/7/1 354/7/1
f 358/8/1 357/8/1 356/8/1
f 359/8/1 357/8/1 358/8/1
f 364/7/1 361/7/1 360/7/1
f 365/7/1 361/7/1 364/7/1
f 366/7/1 363/7/1 362/7/1
f 367/7/1 363/7/1 366/7/1
f 372/7/1 369/7/1 368/7/1
f 373/7/1 369/7/1 372/7/1
f 374/7/1 371/7/1 370/7/1
f 375/7/1 371/7/1 374/7/1
f 378/8/1 377/8/1 376/8/1
f 379/8/1 377/8/1 378/8/1
f 382/7/1 381/7/1 380/7/1
f 383/7/1 381/7/1 382/7/1
f 386/8/1 385/8/1 384/8/1
f 387/8/1 385/8/1 386/8/1
f 390/7/1 389/7/1 388/7/1
f 391/7/1 389/7/1 390/7/1
f 394/5/1 393/5/1 392/5/1
f 395/5/1 393/5/1 394/5/1
f 398/5/1 397/5/1 396/5/1
f 399/5/1 397/5/1 398/5/1
f 406/7/1 401/7/1 400/7/1
f 407/7/1 401/7/1 406/7/1
f 408/7/1 403/7/1 402/7/1
f 409/7/1 403/7/1 408/7/1
f 410/7/1 405/7/1 404/7/1
f 411/7/1 405/7/1 410/7/1
f 422/7/1 413/7/1 412/7/1
f 423/7/1 413/7/1 422/7/1
f 426/7/1 417/7/1 416/7/1
f 427/7/1 417/7/1 426/7/1
f 428/7/1 419/7/1 418/7/1
f 429/7/1 419/7/1 428/7/1
f 432/7/1 421/7/1 420/7/1
f 433/7/1 421/7/1 432/7/1
f 436/7/1 415/7/1 414/7/1
f 437/7/1 415/7/1 436/7/1
f 439/7/1 424/7/1 423/7/1
f 440/7/1 424/7/1 439/7/1
f 441/7/1 426/7/1 425/7/1
f 442/7/1 426/7/1 441/7/1
f 443/7/1 430/7/1 429/7/1
f 444/7/1 430/7/1 443/7/1
f 445/7/1 432/7/1 431/7/1
f 446/7/1 432/7/1 445/7/1
f 447/7/1 434/7/1 433/7/1
f 448/7/1 434/7/1 447/7/1
f 449/7/1 436/7/1 435/7/1
f 450/7/1 436/7/1 449/7/1
f 452/7/1 439/7/1 438/7/1
f 453/7/1 439/7/1 452/7/1
f 454/7/1 443/7/1 442/7/1
f 455/7/1 443/7/1 454/7/1
f 456/7/1 447/7/1 446/7/1
f 457/7/1 447/7/1 456/7/1
f 458/7/1 451/7/1 450/7/1
f 459/7/1 451/7/1 458/7/1
f 468/5/1 461/5/1 460/5/1
f 468/5/1 466/5/1 465/5/1
f 468/5/1 465/5/1 464/5/1
f 468/5/1 464/5/1 463/5/1
f 468/5/1 463/5/1 462/5/1
f 468/5/1 462/5/1 461/5/1
f 469/5/1 466/5/1 468/5/1
f 473/5/1 472/5/1 471/5/1
f 474/5/1 472/5/1 473/5/1
f 475/5/1 472/5/1 474/5/1
f 476/5/1 472/5/1 475/5/1
f 477/5/1 473/5/1 471/5/1
f 480/5/1 475/5/1 474/5/1
f 481/5/1 475/5/1 480/5/1
f 484/5/1 472/5/1 476/5/1
f 485/5/1 478/5/1 477/5/1
f 486/5/1 482/5/1 481/5/1
f 486/5/1 480/5/1 479/5/1
f 486/5/1 481/5/1 480/5/1
f 487/5/1 482/5/1 486/5/1
f 488/5/1 484/5/1 483/5/1
f 489/5/1 468/5/1 467/5/1
f 489/5/1 469/5/1 468/5/1
f 489/5/1 470/5/1 469/5/1
f 490/5/1 470/5/1 489/5/1
f 491/5/1 488/5/1 487/5/1
f 491/5/1 485/5/1 477/5/1
f 491/5/1 487/5/1 486/5/1
f 491/5/1 486/5/1 485/5/1
f 491/5/1 477/5/1 471/5/1
f 492/5/1 484/5/1 488/5/1
f 492/5/1 488/5/1 491/5/1
f 492/5/1 472/5/1 484/5/1
f 497/8/1 494/8/1 493/8/1
f 498/8/1 494/8/1 497/8/1
f 503/8/1 496/8/1 495/8/1
f 504/8/1 496/8/1 503/8/1
f 505/8/1 500/8/1 499/8/1
f 506/8/1 500/8/1 505/8/1
f 511/8/1 502/8/1 501/8/1
f 512/8/1 502/8/1 511/8/1
f 513/8/1 508/8/1 507/8/1
f 514/8/1 508/8/1 513/8/1
f 519/8/1 510/8/1 509/8/1
f 520/8/1 510/8/1 519/8/1
f 521/8/1 516/8/1 515/8/1
f 522/8/1 516/8/1 521/8/1
f 527/8/1 518/8/1 517/8/1
f 528/8/1 518/8/1 527/8/1
f 529/8/1 524/8/1 523/8/1
f 530/8/1 524/8/1 529/8/1
f 531/8/1 526/8/1 525/8/1
f 532/8/1 526/8/1 531/8/1
f 533/8/2 534/8/2 537/8/2
f 537/8/2 534/8/2 538/8/2
f 535/8/2 536/8/2 543/8/2
f 543/8/2 536/8/2 544/8/2
f 539/8/2 540/8/2 545/8/2
f 545/8/2 540/8/2 546/8/2
f 541/8/2 542/8/2 551/8/2
f 551/8/2 542/8/2 552/8/2
f 547/8/2 548/8/2 553/8/2
f 553/8/2 548/8/2 554/8/2
f 549/8/2 550/8/2 559/8/2
f 559/8/2 550/8/2 560/8/2
f 555/8/2 556/8/2 561/8/2
f 561/8/2 556/8/2 562/8/2
f 557/8/2 558/8/2 567/8/2
f 567/8/2 558/8/2 568/8/2
f 563/8/2 564/8/2 569/8/2
f 569/8/2 564/8/2 570/8/2
f 565/8/2 566/8/2 571/8/2
f 571/8/2 566/8/2 572/8/2
f 573/5/2 574/5/2 575/5/2
f 575/5/2 574/5/2 576/5/2
f 576/5/2 574/5/2 577/5/2
f 577/5/2 574/5/2 578/5/2
f 573/5/2 575/5/2 579/5/2
f 576/5/2 577/5/2 582/5/2
f 582/5/2 577/5/2 583/5/2
f 578/5/2 574/5/2 586/5/2
f 579/5/2 580/5/2 587/5/2
f 583/5/2 584/5/2 588/5/2
f 581/5/2 582/5/2 588/5/2
f 582/5/2 583/5/2 588/5/2
f 588/5/2 584/5/2 589/5/2
f 585/5/2 586/5/2 590/5/2
f 579/5/2 587/5/2 591/5/2
f 589/5/2 590/5/2 591/5/2
f 588/5/2 589/5/2 591/5/2
f 573/5/2 579/5/2 591/5/2
f 587/5/2 588/5/2 591/5/2
f 590/5/2 586/5/2 592/5/2
f 591/5/2 590/5/2 592/5/2
f 586/5/2 574/5/2 592/5/2
f 593/7/2 594/7/2 599/7/2
f 599/7/2 594/7/2 600/7/2
f 597/7/2 598/7/2 603/7/2
f 603/7/2 598/7/2 604/7/2
f 595/7/2 596/7/2 607/7/2
f 607/7/2 596/7/2 608/7/2
f 600/7/2 601/7/2 610/7/2
f 610/7/2 601/7/2 611/7/2
f 602/7/2 603/7/2 612/7/2
f 612/7/2 603/7/2 613/7/2
f 604/7/2 605/7/2 614/7/2
f 614/7/2 605/7/2 615/7/2
f 606/7/2 607/7/2 616/7/2
f 616/7/2 607/7/2 617/7/2
f 609/7/2 610/7/2 619/7/2
f 619/7/2 610/7/2 620/7/2
f 613/7/2 614/7/2 621/7/2
f 621/7/2 614/7/2 622/7/2
f 617/7/2 618/7/2 623/7/2
f 623/7/2 618/7/2 624/7/2
f 625/5/2 626/5/2 629/5/2
f 629/5/2 626/5/2 630/5/2
f 627/5/2 628/5/2 631/5/2
f 631/5/2 628/5/2 632/5/2
f 633/5/2 634/5/2 637/5/2
f 637/5/2 634/5/2 638/5/2
f 635/5/2 636/5/2 639/5/2
f 639/5/2 636/5/2 640/5/2
f 641/5/2 642/5/2 645/5/2
f 645/5/2 642/5/2 646/5/2
f 643/5/2 644/5/2 647/5/2
f 647/5/2 644/5/2 648/5/2
f 649/5/2 650/5/2 653/5/2
f 653/5/2 650/5/2 654/5/2
f 651/5/2 652/5/2 655/5/2
f 655/5/2 652/5/2 656/5/2
f 657/5/2 658/5/2 660/5/2
f 660/5/2 658/5/2 661/5/2
f 659/5/2 660/5/2 663/5/2
f 661/5/2 662/5/2 663/5/2
f 660/5/2 661/5/2 663/5/2
f 663/5/2 662/5/2 664/5/2
f 665/7/2 666/7/2 677/7/2
f 677/7/2 666/7/2 678/7/2
f 669/7/2 670/7/2 681/7/2
f 681/7/2 670/7/2 682/7/2
f 671/7/2 672/7/2 683/7/2
f 683/7/2 672/7/2 684/7/2
f 673/7/2 674/7/2 687/7/2
f 687/7/2 674/7/2 688/7/2
f 675/7/2 676/7/2 689/7/2
f 689/7/2 676/7/2 690/7/2
f 667/7/2 668/7/2 693/7/2
f 693/7/2 668/7/2 694/7/2
f 678/7/2 679/7/2 696/7/2
f 696/7/2 679/7/2 697/7/2
f 680/7/2 681/7/2 698/7/2
f 698/7/2 681/7/2 699/7/2
f 684/7/2 685/7/2 700/7/2
f 700/7/2 685/7/2 701/7/2
f 686/7/2 687/7/2 702/7/2
f 702/7/2 687/7/2 703/7/2
f 690/7/2 691/7/2 706/7/2
f 706/7/2 691/7/2 707/7/2
f 692/7/2 693/7/2 708/7/2
f 708/7/2 693/7/2 709/7/2
f 695/7/2 696/7/2 711/7/2
f 711/7/2 696/7/2 712/7/2
f 699/7/2 700/7/2 713/7/2
f 713/7/2 700/7/2 714/7/2
f 703/7/2 704/7/2 715/7/2
f 715/7/2 704/7/2 716/7/2
f 705/7/2 706/7/2 717/7/2
f 717/7/2 706/7/2 718/7/2
f 709/7/2 710/7/2 719/7/2
f 719/7/2 710/7/2 720/7/2
f 721/7/2 722/7/2 727/7/2
f 727/7/2 722/7/2 728/7/2
f 723/7/2 724/7/2 729/7/2
f 729/7/2 724/7/2 730/7/2
f 725/7/2 726/7/2 731/7/2
f 731/7/2 726/7/2 732/7/2
f 733/5/2 734/5/2 735/5/2
f 735/5/2 734/5/2 736/5/2
f 737/5/2 738/5/2 739/5/2
f 739/5/2 738/5/2 740/5/2
f 741/7/2 742/7/2 747/7/2
f 742/7/2 743/7/2 747/7/2
f 747/7/2 743/7/2 748/7/2
f 745/7/2 746/7/2 749/7/2
f 744/7/2 745/7/2 749/7/2
f 749/7/2 746/7/2 750/7/2
f 751/8/2 752/8/2 753/8/2
f 753/8/2 752/8/2 754/8/2
f 755/7/2 756/7/2 759/7/2
f 759/7/2 756/7/2 760/7/2
f 757/7/2 758/7/2 761/7/2
f 761/7/2 758/7/2 762/7/2
f 763/8/2 764/8/2 765/8/2
f 765/8/2 764/8/2 766/8/2
f 767/6/2 768/6/2 769/6/2
f 769/6/2 768/6/2 770/6/2
f 771/6/2 772/6/2 773/6/2
f 773/6/2 772/6/2 774/6/2
f 775/7/2 776/7/2 783/7/2
f 783/7/2 776/7/2 784/7/2
f 777/7/2 778/7/2 785/7/2
f 785/7/2 778/7/2 786/7/2
f 779/7/2 780/7/2 787/7/2
f 787/7/2 780/7/2 788/7/2
f 781/7/2 782/7/2 789/7/2
f 789/7/2 782/7/2 790/7/2
f 791/6/2 792/6/2 793/6/2
f 793/6/2 792/6/2 794/6/2
f 801/7/2 802/7/2 803/7/2
f 803/7/2 802/7/2 804/7/2
f 795/7/2 796/7/2 805/7/2
f 805/7/2 796/7/2 806/7/2
f 797/7/2 798/7/2 807/7/2
f 807/7/2 798/7/2 808/7/2
f 799/7/2 800/7/2 809/7/2
f 809/7/2 800/7/2 810/7/2
f 811/8/2 812/8/2 813/8/2
f 813/8/2 812/8/2 814/8/2
f 815/8/2 816/8/2 818/8/2
f 816/7/2 817/7/2 819/7/2
f 818/8/2 816/8/2 819/8/2
f 819/7/2 817/7/2 820/7/2
f 821/7/2 822/7/2 823/7/2
f 823/7/2 822/7/2 824/7/2
f 825/7/2 826/7/2 827/7/2
f 827/7/2 826/7/2 828/7/2
f 829/8/2 830/8/2 831/8/2
f 831/8/2 830/8/2 832/8/2
f 833/5/2 834/5/2 835/5/2
f 835/5/2 834/5/2 836/5/2
f 837/8/2 838/8/2 840/8/2
f 838/7/2 839/7/2 841/7/2
f 840/8/2 838/8/2 841/8/2
f 841/7/2 839/7/2 842/7/2
f 843/5/2 844/5/2 845/5/2
f 845/5/2 844/5/2 846/5/2
f 847/4/2 848/4/2 849/4/2
f 849/4/2 848/4/2 850/4/2
f 851/4/2 852/4/2 853/4/2
f 853/4/2 852/4/2 854/4/2
f 855/8/2 856/8/2 857/8/2
f 857/8/2 856/8/2 858/8/2
f 859/4/2 860/4/2 861/4/2
f 861/4/2 860/4/2 862/4/2
f 863/8/2 864/8/2 866/8/2
f 864/7/2 865/7/2 867/7/2
f 866/8/2 864/8/2 867/8/2
f 867/7/2 865/7/2 868/7/2
f 869/7/2 870/7/2 873/7/2
f 873/7/2 870/7/2 874/7/2
f 871/7/2 872/7/2 875/7/2
f 875/7/2 872/7/2 876/7/2
f 877/7/2 878/7/2 881/7/2
f 881/7/2 878/7/2 882/7/2
f 879/7/2 880/7/2 883/7/2
f 883/7/2 880/7/2 884/7/2
f 885/7/2 886/7/2 889/7/2
f 889/7/2 886/7/2 890/7/2
f 887/7/2 888/7/2 891/7/2
f 891/7/2 888/7/2 892/7/2
f 893/8/2 894/8/2 895/8/2
f 895/8/2 894/8/2 896/8/2
f 897/8/2 898/8/2 900/8/2
f 898/7/2 899/7/2 901/7/2
f 900/8/2 898/8/2 901/8/2
f 901/7/2 899/7/2 902/7/2
f 903/8/2 904/8/2 905/8/2
f 905/8/2 904/8/2 906/8/2
f 909/5/2 910/5/2 911/5/2
f 911/5/2 910/5/2 912/5/2
f 912/5/2 910/5/2 913/5/2
f 913/5/2 910/5/2 914/5/2
f 909/5/2 911/5/2 915/5/2
f 912/5/2 913/5/2 918/5/2
f 918/5/2 913/5/2 919/5/2
f 914/5/2 910/5/2 922/5/2
f 915/5/2 916/5/2 923/5/2
f 919/5/2 920/5/2 924/5/2
f 917/5/2 918/5/2 924/5/2
f 918/5/2 919/5/2 924/5/2
f 924/5/2 920/5/2 925/5/2
f 921/5/2 922/5/2 926/5/2
f 907/5/2 908/5/2 927/5/2
f 927/5/2 908/5/2 928/5/2
f 925/5/2 926/5/2 929/5/2
f 915/5/2 923/5/2 929/5/2
f 924/5/2 925/5/2 929/5/2
f 909/5/2 915/5/2 929/5/2
f 923/5/2 924/5/2 929/5/2
f 926/5/2 922/5/2 930/5/2
f 929/5/2 926/5/2 930/5/2
f 922/5/2 910/5/2 930/5/2
f 931/8/2 932/8/2 934/8/2
f 932/7/2 933/7/2 935/7/2
f 934/8/2 932/8/2 935/8/2
f 935/7/2 933/7/2 936/7/2
f 937/7/2 938/7/2 945/7/2
f 945/7/2 938/7/2 946/7/2
f 939/7/2 940/7/2 947/7/2
f 947/7/2 940/7/2 948/7/2
f 941/7/2 942/7/2 949/7/2
f 949/7/2 942/7/2 950/7/2
f 943/7/2 944/7/2 951/7/2
f 951/7/2 944/7/2 952/7/2
f 946/7/2 947/7/2 954/7/2
f 954/7/2 947/7/2 955/7/2
f 948/7/2 949/7/2 956/7/2
f 956/7/2 949/7/2 957/7/2
f 950/7/2 951/7/2 958/7/2
f 958/7/2 951/7/2 959/7/2
f 953/7/2 954/7/2 961/7/2
f 961/7/2 954/7/2 962/7/2
f 955/7/2 956/7/2 963/7/2
f 963/7/2 956/7/2 964/7/2
f 957/7/2 958/7/2 965/7/2
f 965/7/2 958/7/2 966/7/2
f 959/7/2 960/7/2 967/7/2
f 967/7/2 960/7/2 968/7/2
f 969/7/2 970/7/2 975/7/2
f 975/7/2 970/7/2 976/7/2
f 971/7/2 972/7/2 977/7/2
f 977/7/2 972/7/2 978/7/2
f 973/7/2 974/7/2 979/7/2
f 979/7/2 974/7/2 980/7/2
f 981/7/2 982/7/2 987/7/2
f 987/7/2 982/7/2 988/7/2
f 983/7/2 984/7/2 989/7/2
f 989/7/2 984/7/2 990/7/2
f 985/7/2 986/7/2 991/7/2
f 991/7/2 986/7/2 992/7/2
f 993/8/2 994/8/2 997/8/2
f 997/8/2 994/8/2 998/8/2
f 995/5/2 996/5/2 999/5/2
f 999/5/2 996/5/2 1000/5/2
f 1000/5/2 996/5/2 1001/5/2
f 1001/5/2 996/5/2 1002/5/2
f 1000/5/2 1001/5/2 1003/5/2
f 1003/5/2 1001/5/2 1004/5/2
f 1004/5/2 1001/5/2 1005/5/2
f 1005/5/2 1001/5/2 1006/5/2
f 1004/5/2 1005/5/2 1007/5/2
f 1007/5/2 1005/5/2 1008/5/2
f 1009/8/2 1010/8/2 1011/8/2
f 1011/8/2 1010/8/2 1012/8/2
f 1012/8/2 1010/8/2 1013/8/2
f 1013/8/2 1010/8/2 1014/8/2
f 1014/8/2 1010/8/2 1015/8/2
f 1015/8/2 1010/8/2 1016/8/2
f 1012/8/2 1013/8/2 1017/8/2
f 1017/8/2 1013/8/2 1018/8/2
f 1018/8/2 1013/8/2 1019/8/2
f 1014/8/2 1015/8/2 1022/8/2
f 1022/8/2 1015/8/2 1023/8/2
f 1023/8/2 1015/8/2 1024/8/2
f 1019/8/2 1020/8/2 1025/8/2
f 1018/8/2 1019/8/2 1025/8/2
f 1025/8/2 1020/8/2 1026/8/2
f 1026/8/2 1020/8/2 1027/8/2
f 1022/8/2 1023/8/2 1030/8/2
f 1021/8/2 1022/8/2 1030/8/2
f 1030/8/2 1023/8/2 1031/8/2
f 1031/8/2 1023/8/2 1032/8/2
f 1027/8/2 1028/8/2 1033/8/2
f 1026/8/2 1027/8/2 1033/8/2
f 1033/8/2 1028/8/2 1034/8/2
f 1034/8/2 1028/8/2 1035/8/2
f 1030/8/2 1031/8/2 1036/8/2
f 1029/8/2 1030/8/2 1036/8/2
f 1036/8/2 1031/8/2 1037/8/2
f 1037/8/2 1031/8/2 1038/8/2
f 1034/8/2 1035/8/2 1039/8/2
f 1036/8/2 1037/8/2 1039/8/2
f 1035/8/2 1036/8/2 1039/8/2
f 1039/8/2 1037/8/2 1040/8/2
f 1040/8/2 1037/8/2 1041/8/2
f 1041/8/2 1037/8/2 1042/8/2
f 1040/8/2 1041/8/2 1043/8/2
f 1043/8/2 1041/8/2 1044/8/2
f 1047/6/3 1046/6/3 1045/6/3
f 1048/6/3 1046/6/3 1047/6/3
f 1051/6/3 1050/6/3 1049/6/3
f 1052/6/3 1050/6/3 1051/6/3
f 1055/6/3 1054/6/3 1053/6/3
f 1056/6/3 1054/6/3 1055/6/3
f 1059/6/3 1058/6/3 1057/6/3
f 1060/6/3 1058/6/3 1059/6/3
f 1063/6/3 1062/6/3 1061/6/3
f 1064/6/3 1062/6/3 1063/6/3
f 1067/8/3 1066/8/3 1065/8/3
f 1072/8/3 1067/8/3 1065/8/3
f 1072/8/3 1068/8/3 1067/8/3
f 1073/8/3 1068/8/3 1072/8/3
f 1075/7/3 1070/7/3 1069/7/3
f 1076/7/3 1070/7/3 1075/7/3
f 1077/7/3 1072/7/3 1071/7/3
f 1078/8/3 1074/8/3 1073/8/3
f 1078/7/3 1072/7/3 1077/7/3
f 1078/8/3 1073/8/3 1072/8/3
f 1079/8/3 1074/8/3 1078/8/3
f 1081/8/3 1079/8/3 1078/8/3
f 1081/8/3 1080/8/3 1079/8/3
f 1082/8/3 1080/8/3 1081/8/3
f 1083/8/3 1080/8/3 1082/8/3
f 1085/8/3 1083/8/3 1082/8/3
f 1085/8/3 1084/8/3 1083/8/3
f 1086/8/3 1084/8/3 1085/8/3
f 1087/8/3 1084/8/3 1086/8/3
f 1089/8/3 1087/8/3 1086/8/3
f 1089/8/3 1088/8/3 1087/8/3
f 1090/8/3 1088/8/3 1089/8/3
f 1092/8/3 1088/8/3 1090/8/3
f 1093/8/3 1088/8/3 1092/8/3
f 1093/8/3 1092/8/3 1091/8/3
f 1094/8/3 1088/8/3 1093/8/3
f 1096/8/3 1093/8/3 1091/8/3
f 1097/8/3 1093/8/3 1096/8/3
f 1097/8/3 1096/8/3 1095/8/3
f 1098/8/3 1093/8/3 1097/8/3
f 1099/8/3 1081/8/3 1078/8/3
f 1100/8/3 1097/8/3 1095/8/3
f 1101/8/3 1097/8/3 1100/8/3
f 1101/8/3 1100/8/3 1099/8/3
f 1102/8/3 1097/8/3 1101/8/3
f 1106/8/3 1099/8/3 1078/8/3
f 1106/8/3 1101/8/3 1099/8/3
f 1107/8/3 1101/8/3 1106/8/3
f 1108/8/3 1101/8/3 1107/8/3
f 1109/7/3 1104/7/3 1103/7/3
f 1110/7/3 1104/7/3 1109/7/3
f 1111/7/3 1106/7/3 1105/7/3
f 1112/8/3 1107/8/3 1106/8/3
f 1112/7/3 1106/7/3 1111/7/3
f 1113/8/3 1107/8/3 1112/8/3
f 1114/8/3 1107/8/3 1113/8/3
f 1115/8/3 1113/8/3 1112/8/3
f 1116/8/3 1113/8/3 1115/8/3
f 1121/7/3 1118/7/3 1117/7/3
f 1122/7/3 1118/7/3 1121/7/3
f 1123/7/3 1120/7/3 1119/7/3
f 1124/7/3 1120/7/3 1123/7/3
f 1126/7/3 1123/7/3 1122/7/3
f 1127/7/3 1123/7/3 1126/7/3
f 1129/7/3 1126/7/3 1125/7/3
f 1130/7/3 1126/7/3 1129/7/3
f 1131/7/3 1126/7/3 1130/7/3
f 1133/7/3 1132/7/3 1131/7/3
f 1133/7/3 1131/7/3 1130/7/3
f 1134/7/3 1132/7/3 1133/7/3
f 1135/7/3 1132/7/3 1134/7/3
f 1141/7/3 1135/7/3 1134/7/3
f 1141/7/3 1136/7/3 1135/7/3
f 1142/7/3 1136/7/3 1141/7/3
f 1144/4/3 1138/4/3 1137/4/3
f 1145/4/3 1138/4/3 1144/4/3
f 1146/7/3 1128/7/3 1127/7/3
f 1147/4/3 1144/4/3 1143/4/3
f 1148/2/3 1145/2/3 1144/2/3
f 1148/4/3 1144/4/3 1147/4/3
f 1149/4/3 1146/4/3 1145/4/3
f 1149/2/3 1145/2/3 1148/2/3
f 1150/7/3 1128/7/3 1146/7/3
f 1150/4/3 1146/4/3 1149/4/3
f 1151/6/3 1140/6/3 1139/6/3
f 1154/7/3 1136/7/3 1142/7/3
f 1156/7/3 1154/7/3 1153/7/3
f 1157/7/3 1136/7/3 1154/7/3
f 1157/7/3 1154/7/3 1156/7/3
f 1158/7/3 1136/7/3 1157/7/3
f 1160/7/3 1156/7/3 1155/7/3
f 1160/7/3 1157/7/3 1156/7/3
f 1161/7/3 1157/7/3 1160/7/3
f 1162/7/3 1157/7/3 1161/7/3
f 1163/6/3 1152/6/3 1151/6/3
f 1167/6/3 1164/6/3 1163/6/3
f 1167/6/3 1163/6/3 1151/6/3
f 1168/6/3 1164/6/3 1167/6/3
f 1170/7/3 1166/7/3 1165/7/3
f 1171/7/3 1166/7/3 1170/7/3
f 1172/7/3 1166/7/3 1171/7/3
f 1174/7/3 1173/7/3 1172/7/3
f 1174/7/3 1172/7/3 1171/7/3
f 1175/7/3 1173/7/3 1174/7/3
f 1176/6/3 1151/6/3 1139/6/3
f 1176/6/3 1167/6/3 1151/6/3
f 1177/6/3 1167/6/3 1176/6/3
f 1178/2/3 1148/2/3 1147/2/3
f 1178/2/3 1149/2/3 1148/2/3
f 1178/2/3 1150/2/3 1149/2/3
f 1179/2/3 1150/2/3 1178/2/3
f 1180/2/3 1150/2/3 1179/2/3
f 1181/7/3 1128/7/3 1150/7/3
f 1181/2/3 1150/2/3 1180/2/3
f 1182/4/3 1179/4/3 1178/4/3
f 1183/2/3 1180/2/3 1179/2/3
f 1183/4/3 1179/4/3 1182/4/3
f 1184/4/3 1181/4/3 1180/4/3
f 1184/2/3 1180/2/3 1183/2/3
f 1185/7/3 1128/7/3 1181/7/3
f 1185/4/3 1181/4/3 1184/4/3
f 1187/7/3 1173/7/3 1175/7/3
f 1188/4/3 1184/4/3 1183/4/3
f 1189/4/3 1184/4/3 1188/4/3
f 1190/6/3 1176/6/3 1139/6/3
f 1191/6/3 1176/6/3 1190/6/3
f 1192/7/3 1170/7/3 1169/7/3
f 1193/7/3 1170/7/3 1192/7/3
f 1194/7/3 1187/7/3 1186/7/3
f 1195/7/3 1173/7/3 1187/7/3
f 1195/7/3 1187/7/3 1194/7/3
f 1196/7/3 1173/7/3 1195/7/3
f 1197/7/3 1194/7/3 1193/7/3
f 1197/7/3 1195/7/3 1194/7/3
f 1198/7/3 1195/7/3 1197/7/3
f 1199/7/3 1161/7/3 1160/7/3
f 1199/7/3 1160/7/3 1159/7/3
f 1200/7/3 1161/7/3 1199/7/3
f 1201/7/3 1128/7/3 1185/7/3
f 1202/7/3 1128/7/3 1201/7/3
f 1204/7/3 1201/7/3 1200/7/3
f 1205/7/3 1201/7/3 1204/7/3
f 1207/7/3 1204/7/3 1203/7/3
f 1208/7/3 1204/7/3 1207/7/3
f 1209/7/3 1206/7/3 1205/7/3
f 1210/7/3 1206/7/3 1209/7/3
f 1213/5/3 1212/5/3 1211/5/3
f 1214/5/3 1212/5/3 1213/5/3
f 1215/5/3 1212/5/3 1214/5/3
f 1216/5/3 1212/5/3 1215/5/3
f 1217/5/3 1212/5/3 1216/5/3
f 1218/5/3 1212/5/3 1217/5/3
f 1219/5/3 1217/5/3 1216/5/3
f 1220/5/3 1217/5/3 1219/5/3
f 1221/5/3 1212/5/3 1218/5/3
f 1222/5/3 1212/5/3 1221/5/3
f 1223/5/3 1219/5/3 1216/5/3
f 1225/5/3 1223/5/3 1216/5/3
f 1227/5/3 1225/5/3 1224/5/3
f 1228/5/3 1227/5/3 1226/5/3
f 1229/5/3 1223/5/3 1225/5/3
f 1229/5/3 1227/5/3 1228/5/3
f 1229/5/3 1225/5/3 1227/5/3
f 1230/5/3 1228/5/3 1226/5/3
f 1231/5/3 1228/5/3 1230/5/3
f 1232/5/3 1223/5/3 1229/5/3
f 1233/5/3 1223/5/3 1232/5/3
f 1234/5/3 1223/5/3 1233/5/3
f 1235/5/3 1234/5/3 1233/5/3
f 1239/5/3 1236/5/3 1235/5/3
f 1240/5/3 1238/5/3 1237/5/3
f 1241/5/3 1230/5/3 1226/5/3
f 1244/5/3 1235/5/3 1233/5/3
f 1244/5/3 1240/5/3 1239/5/3
f 1244/5/3 1239/5/3 1235/5/3
f 1245/5/3 1242/5/3 1241/5/3
f 1246/5/3 1244/5/3 1243/5/3
f 1247/5/3 1245/5/3 1241/5/3
f 1247/5/3 1246/5/3 1245/5/3
f 1247/5/3 1241/5/3 1226/5/3
f 1248/5/3 1244/5/3 1246/5/3
f 1248/5/3 1246/5/3 1247/5/3
f 1248/5/3 1238/5/3 1240/5/3
f 1248/5/3 1240/5/3 1244/5/3
f 1251/8/3 1250/8/3 1249/8/3
f 1252/8/3 1250/8/3 1251/8/3
f 1257/7/3 1254/7/3 1253/7/3
f 1258/7/3 1254/7/3 1257/7/3
f 1259/7/3 1256/7/3 1255/7/3
f 1260/7/3 1256/7/3 1259/7/3
f 1265/7/3 1262/7/3 1261/7/3
f 1266/7/3 1262/7/3 1265/7/3
f 1267/7/3 1264/7/3 1263/7/3
f 1268/7/3 1264/7/3 1267/7/3
f 1271/7/3 1270/7/3 1269/7/3
f 1272/7/3 1270/7/3 1271/7/3
f 1275/7/3 1274/7/3 1273/7/3
f 1276/7/3 1274/7/3 1275/7/3
f 1283/8/3 1278/8/3 1277/8/3
f 1284/8/3 1278/8/3 1283/8/3
f 1285/7/3 1280/7/3 1279/7/3
f 1286/7/3 1280/7/3 1285/7/3
f 1287/7/3 1282/7/3 1281/7/3
f 1288/7/3 1282/7/3 1287/7/3
f 1290/7/3 1287/7/3 1286/7/3
f 1291/7/3 1287/7/3 1290/7/3
f 1293/7/3 1290/7/3 1289/7/3
f 1294/7/3 1290/7/3 1293/7/3
f 1295/7/3 1292/7/3 1291/7/3
f 1296/7/3 1292/7/3 1295/7/3
f 1299/7/3 1298/7/3 1297/7/3
f 1300/7/3 1298/7/3 1299/7/3
f 1304/7/3 1302/7/3 1301/7/3
f 1305/7/3 1302/7/3 1304/7/3
f 1307/7/3 1304/7/3 1303/7/3
f 1308/7/3 1304/7/3 1307/7/3
f 1311/7/3 1310/7/3 1309/7/3
f 1312/7/3 1310/7/3 1311/7/3
f 1313/7/3 1310/7/3 1312/7/3
f 1315/7/3 1314/7/3 1313/7/3
f 1315/7/3 1313/7/3 1312/7/3
f 1316/7/3 1314/7/3 1315/7/3
f 1318/7/3 1314/7/3 1316/7/3
f 1320/7/3 1318/7/3 1317/7/3
f 1321/7/3 1314/7/3 1318/7/3
f 1321/7/3 1318/7/3 1320/7/3
f 1322/7/3 1314/7/3 1321/7/3
f 1323/7/3 1320/7/3 1319/7/3
f 1323/7/3 1321/7/3 1320/7/3
f 1324/7/3 1321/7/3 1323/7/3
f 1327/7/3 1326/7/3 1325/7/3
f 1328/7/3 1326/7/3 1327/7/3
f 1329/7/3 1306/7/3 1305/7/3
f 1330/7/3 1306/7/3 1329/7/3
f 1331/7/3 1329/7/3 1328/7/3
f 1332/7/3 1329/7/3 1331/7/3
f 1336/7/3 1334/7/3 1333/7/3
f 1337/7/3 1334/7/3 1336/7/3
f 1339/7/3 1336/7/3 1335/7/3
f 1340/7/3 1336/7/3 1339/7/3
f 1341/7/3 1338/7/3 1337/7/3
f 1342/7/3 1338/7/3 1341/7/3
f 1345/8/3 1344/8/3 1343/8/3
f 1346/8/3 1344/8/3 1345/8/3
f 1349/5/3 1348/5/3 1347/5/3
f 1350/5/3 1348/5/3 1349/5/3
f 1351/5/3 1348/5/3 1350/5/3
f 1352/5/3 1348/5/3 1351/5/3
f 1354/5/3 1348/5/3 1352/5/3
f 1355/5/3 1349/5/3 1347/5/3
f 1356/5/3 1354/5/3 1353/5/3
f 1357/5/3 1355/5/3 1347/5/3
f 1357/5/3 1356/5/3 1355/5/3
f 1358/5/3 1354/5/3 1356/5/3
f 1358/5/3 1356/5/3 1357/5/3
f 1359/5/3 1354/5/3 1358/5/3
f 1360/5/3 1348/5/3 1354/5/3
f 1360/5/3 1354/5/3 1359/5/3
f 1362/5/3 1348/5/3 1360/5/3
f 1363/5/3 1357/5/3 1347/5/3
f 1364/5/3 1362/5/3 1361/5/3
f 1365/5/3 1348/5/3 1362/5/3
f 1365/5/3 1364/5/3 1363/5/3
f 1365/5/3 1362/5/3 1364/5/3
f 1366/5/3 1363/5/3 1347/5/3
f 1366/5/3 1365/5/3 1363/5/3
f 1367/5/3 1365/5/3 1366/5/3
f 1371/5/3 1369/5/3 1368/5/3
f 1372/5/3 1371/5/3 1370/5/3
f 1373/5/3 1371/5/3 1372/5/3
f 1374/5/3 1369/5/3 1371/5/3
f 1374/5/3 1371/5/3 1373/5/3
f 1375/5/3 1369/5/3 1374/5/3
f 1376/5/3 1369/5/3 1375/5/3
f 1378/5/3 1369/5/3 1376/5/3
f 1380/5/3 1378/5/3 1377/5/3
f 1381/5/3 1380/5/3 1379/5/3
f 1382/5/3 1380/5/3 1381/5/3
f 1383/5/3 1380/5/3 1382/5/3
f 1384/5/3 1380/5/3 1383/5/3
f 1385/5/3 1380/5/3 1384/5/3
f 1386/5/3 1380/5/3 1385/5/3
f 1387/5/3 1380/5/3 1386/5/3
f 1388/5/3 1380/5/3 1387/5/3
f 1389/5/3 1380/5/3 1388/5/3
f 1390/5/3 1380/5/3 1389/5/3
f 1391/5/3 1369/5/3 1378/5/3
f 1391/5/3 1380/5/3 1390/5/3
f 1391/5/3 1378/5/3 1380/5/3
f 1394/8/3 1393/8/3 1392/8/3
f 1395/8/3 1393/8/3 1394/8/3
f 1396/7/3 1395/7/3 1394/7/3
f 1397/7/3 1395/7/3 1396/7/3
f 1400/7/3 1399/7/3 1398/7/3
f 1401/7/3 1399/7/3 1400/7/3
f 1402/8/3 1401/8/3 1400/8/3
f 1403/8/3 1401/8/3 1402/8/3
f 1406/8/3 1405/8/3 1404/8/3
f 1407/8/3 1405/8/3 1406/8/3
f 1410/8/3 1409/8/3 1408/8/3
f 1411/8/3 1409/8/3 1410/8/3
f 1414/8/3 1413/8/3 1412/8/3
f 1415/8/3 1413/8/3 1414/8/3
f 1416/7/3 1415/7/3 1414/7/3
f 1417/7/3 1415/7/3 1416/7/3
f 1420/7/3 1419/7/3 1418/7/3
f 1421/7/3 1419/7/3 1420/7/3
f 1422/8/3 1421/8/3 1420/8/3
f 1423/8/3 1421/8/3 1422/8/3
f 1426/8/3 1425/8/3 1424/8/3
f 1427/8/3 1425/8/3 1426/8/3
f 1430/8/3 1429/8/3 1428/8/3
f 1431/8/3 1429/8/3 1430/8/3
f 1434/8/3 1433/8/3 1432/8/3
f 1435/8/3 1433/8/3 1434/8/3
f 1436/7/3 1435/7/3 1434/7/3
f 1437/7/3 1435/7/3 1436/7/3
f 1440/7/3 1439/7/3 1438/7/3
f 1441/7/3 1439/7/3 1440/7/3
f 1442/8/3 1441/8/3 1440/8/3
f 1443/8/3 1441/8/3 1442/8/3
f 1446/8/3 1445/8/3 1444/8/3
f 1447/8/3 1445/8/3 1446/8/3
f 1450/8/3 1449/8/3 1448/8/3
f 1451/8/3 1449/8/3 1450/8/3
f 1454/5/3 1453/5/3 1452/5/3
f 1455/5/3 1453/5/3 1454/5/3
f 1458/5/3 1457/5/3 1456/5/3
f 1459/5/3 1457/5/3 1458/5/3
f 1462/8/3 1461/8/3 1460/8/3
f 1463/8/3 1461/8/3 1462/8/3
f 1466/5/3 1465/5/3 1464/5/3
f 1467/5/3 1465/5/3 1466/5/3
f 1468/7/3 1463/7/3 1462/7/3
f 1469/7/3 1463/7/3 1468/7/3
f 1474/5/3 1473/5/3 1472/5/3
f 1475/5/3 1473/5/3 1474/5/3
f 1476/7/3 1471/7/3 1470/7/3
f 1477/7/3 1471/7/3 1476/7/3
f 1478/8/3 1477/8/3 1476/8/3
f 1479/8/3 1477/8/3 1478/8/3
f 1482/8/3 1481/8/3 1480/8/3
f 1483/8/3 1481/8/3 1482/8/3
f 1486/8/3 1485/8/3 1484/8/3
f 1487/8/3 1485/8/3 1486/8/3
f 1490/8/3 1489/8/3 1488/8/3
f 1491/8/3 1489/8/3 1490/8/3
f 1492/7/3 1491/7/3 1490/7/3
f 1493/7/3 1491/7/3 1492/7/3
f 1496/7/3 1495/7/3 1494/7/3
f 1497/7/3 1495/7/3 1496/7/3
f 1498/8/3 1497/8/3 1496/8/3
f 1499/8/3 1497/8/3 1498/8/3
f 1502/8/3 1501/8/3 1500/8/3
f 1503/8/3 1501/8/3 1502/8/3
f 1506/8/3 1505/8/3 1504/8/3
f 1507/8/3 1505/8/3 1506/8/3
f 1510/8/3 1509/8/3 1508/8/3
f 1511/8/3 1509/8/3 1510/8/3
f 1514/8/3 1513/8/3 1512/8/3
f 1515/8/3 1513/8/3 1514/8/3
f 1518/8/3 1517/8/3 1516/8/3
f 1519/8/3 1517/8/3 1518/8/3
f 1522/8/3 1521/8/3 1520/8/3
f 1523/8/3 1521/8/3 1522/8/3
f 1526/5/3 1525/5/3 1524/5/3
f 1527/5/3 1525/5/3 1526/5/3
f 1530/5/3 1529/5/3 1528/5/3
f 1531/5/3 1529/5/3 1530/5/3
f 1534/5/3 1533/5/3 1532/5/3
f 1535/5/3 1533/5/3 1534/5/3
f 1538/5/3 1537/5/3 1536/5/3
f 1539/5/3 1537/5/3 1538/5/3
f 1544/7/3 1541/7/3 1540/7/3
f 1545/7/3 1541/7/3 1544/7/3
f 1546/7/3 1543/7/3 1542/7/3
f 1547/7/3 1543/7/3 1546/7/3
f 1552/7/3 1549/7/3 1548/7/3
f 1553/7/3 1549/7/3 1552/7/3
f 1554/7/3 1551/7/3 1550/7/3
f 1555/7/3 1551/7/3 1554/7/3
f 1556/7/3 1554/7/3 1553/7/3
f 1557/7/3 1554/7/3 1556/7/3
f 1561/7/3 1559/7/3 1558/7/3
f 1562/7/3 1559/7/3 1561/7/3
f 1564/7/3 1561/7/3 1560/7/3
f 1565/7/3 1561/7/3 1564/7/3
f 1566/7/3 1563/7/3 1562/7/3
f 1567/7/3 1563/7/3 1566/7/3
f 1569/7/3 1566/7/3 1565/7/3
f 1570/7/3 1566/7/3 1569/7/3
f 1572/7/3 1569/7/3 1568/7/3
f 1573/7/3 1569/7/3 1572/7/3
f 1574/7/3 1571/7/3 1570/7/3
f 1575/7/3 1571/7/3 1574/7/3
f 1576/7/3 1574/7/3 1573/7/3
f 1577/7/3 1574/7/3 1576/7/3
f 1581/7/3 1579/7/3 1578/7/3
f 1582/7/3 1579/7/3 1581/7/3
f 1584/7/3 1581/7/3 1580/7/3
f 1585/7/3 1581/7/3 1584/7/3
f 1586/7/3 1583/7/3 1582/7/3
f 1587/7/3 1583/7/3 1586/7/3
f 1590/5/3 1589/5/3 1588/5/3
f 1591/5/3 1589/5/3 1590/5/3
f 1592/5/3 1589/5/3 1591/5/3
f 1593/5/3 1589/5/3 1592/5/3
f 1595/5/3 1589/5/3 1593/5/3
f 1596/5/3 1590/5/3 1588/5/3
f 1597/5/3 1595/5/3 1594/5/3
f 1598/5/3 1596/5/3 1588/5/3
f 1598/5/3 1597/5/3 1596/5/3
f 1599/5/3 1595/5/3 1597/5/3
f 1599/5/3 1597/5/3 1598/5/3
f 1600/5/3 1595/5/3 1599/5/3
f 1601/5/3 1589/5/3 1595/5/3
f 1601/5/3 1595/5/3 1600/5/3
f 1603/5/3 1589/5/3 1601/5/3
f 1604/5/3 1598/5/3 1588/5/3
f 1605/5/3 1603/5/3 1602/5/3
f 1606/5/3 1604/5/3 1588/5/3
f 1606/5/3 1605/5/3 1604/5/3
f 1607/5/3 1603/5/3 1605/5/3
f 1607/5/3 1605/5/3 1606/5/3
f 1607/5/3 1589/5/3 1603/5/3
f 1610/5/3 1609/5/3 1608/5/3
f 1611/5/3 1609/5/3 1610/5/3
f 1612/5/3 1609/5/3 1611/5/3
f 1613/5/3 1609/5/3 1612/5/3
f 1615/5/3 1609/5/3 1613/5/3
f 1616/5/3 1610/5/3 1608/5/3
f 1617/5/3 1615/5/3 1614/5/3
f 1618/5/3 1616/5/3 1608/5/3
f 1618/5/3 1617/5/3 1616/5/3
f 1619/5/3 1615/5/3 1617/5/3
f 1619/5/3 1617/5/3 1618/5/3
f 1620/5/3 1615/5/3 1619/5/3
f 1621/5/3 1609/5/3 1615/5/3
f 1621/5/3 1615/5/3 1620/5/3
f 1623/5/3 1609/5/3 1621/5/3
f 1624/5/3 1618/5/3 1608/5/3
f 1625/5/3 1623/5/3 1622/5/3
f 1626/5/3 1624/5/3 1608/5/3
f 1626/5/3 1625/5/3 1624/5/3
f 1627/5/3 1623/5/3 1625/5/3
f 1627/5/3 1625/5/3 1626/5/3
f 1627/5/3 1609/5/3 1623/5/3
f 1628/8/4 1629/8/4 1630/8/4
f 1630/8/4 1629/8/4 1631/8/4
f 1632/8/4 1633/8/4 1634/8/4
f 1634/8/4 1633/8/4 1635/8/4
f 1636/8/4 1637/8/4 1638/8/4
f 1638/8/4 1637/8/4 1639/8/4
f 1640/8/4 1641/8/4 1642/8/4
f 1642/8/4 1641/8/4 1643/8/4
f 1644/8/4 1645/8/4 1646/8/4
f 1646/8/4 1645/8/4 1647/8/4
f 1648/8/4 1649/8/4 1650/8/4
f 1650/8/4 1649/8/4 1651/8/4
f 1652/8/4 1653/8/4 1654/8/4
f 1654/8/4 1653/8/4 1655/8/4
f 1656/8/4 1657/8/4 1658/8/4
f 1658/8/4 1657/8/4 1659/8/4
f 1660/8/4 1661/8/4 1662/8/4
f 1662/8/4 1661/8/4 1663/8/4
f 1664/8/4 1665/8/4 1666/8/4
f 1666/8/4 1665/8/4 1667/8/4
f 1668/5/4 1669/5/4 1671/5/4
f 1670/5/4 1671/5/4 1672/5/4
f 1672/5/4 1671/5/4 1673/5/4
f 1671/5/4 1669/5/4 1674/5/4
f 1673/5/4 1671/5/4 1674/5/4
f 1674/5/4 1669/5/4 1675/5/4
f 1675/5/4 1669/5/4 1676/5/4
f 1676/5/4 1669/5/4 1678/5/4
f 1677/5/4 1678/5/4 1680/5/4
f 1679/5/4 1680/5/4 1681/5/4
f 1681/5/4 1680/5/4 1682/5/4
f 1682/5/4 1680/5/4 1683/5/4
f 1678/5/4 1669/5/4 1684/5/4
f 1683/5/4 1680/5/4 1684/5/4
f 1680/5/4 1678/5/4 1684/5/4
f 1682/5/4 1683/5/4 1685/5/4
f 1685/5/4 1683/5/4 1686/5/4
f 1686/5/4 1683/5/4 1687/5/4
f 1684/5/4 1669/5/4 1688/5/4
f 1688/5/4 1669/5/4 1689/5/4
f 1685/5/4 1686/5/4 1690/5/4
f 1690/5/4 1686/5/4 1691/5/4
f 1691/5/4 1686/5/4 1692/5/4
f 1692/5/4 1686/5/4 1693/5/4
f 1693/5/4 1686/5/4 1694/5/4
f 1694/5/4 1686/5/4 1695/5/4
f 1695/5/4 1686/5/4 1696/5/4
f 1689/5/4 1669/5/4 1699/5/4
f 1696/5/4 1697/5/4 1700/5/4
f 1695/5/4 1696/5/4 1700/5/4
f 1700/5/4 1697/5/4 1701/5/4
f 1698/5/4 1699/5/4 1702/5/4
f 1700/5/4 1701/5/4 1703/5/4
f 1701/5/4 1702/5/4 1703/5/4
f 1703/5/4 1702/5/4 1704/5/4
f 1704/5/4 1702/5/4 1705/5/4
f 1702/5/4 1699/5/4 1706/5/4
f 1705/5/4 1702/5/4 1706/5/4
f 1699/5/4 1669/5/4 1706/5/4
f 1707/7/4 1708/7/4 1711/7/4
f 1711/7/4 1708/7/4 1712/7/4
f 1709/7/4 1710/7/4 1713/7/4
f 1713/7/4 1710/7/4 1714/7/4
f 1712/7/4 1713/7/4 1715/7/4
f 1715/7/4 1713/7/4 1716/7/4
f 1717/7/4 1718/7/4 1720/7/4
f 1720/7/4 1718/7/4 1721/7/4
f 1719/7/4 1720/7/4 1723/7/4
f 1723/7/4 1720/7/4 1724/7/4
f 1725/7/4 1726/7/4 1727/7/4
f 1727/7/4 1726/7/4 1728/7/4
f 1728/7/4 1726/7/4 1729/7/4
f 1729/7/4 1730/7/4 1731/7/4
f 1728/7/4 1729/7/4 1731/7/4
f 1731/7/4 1730/7/4 1732/7/4
f 1732/7/4 1730/7/4 1734/7/4
f 1733/7/4 1734/7/4 1736/7/4
f 1734/7/4 1730/7/4 1737/7/4
f 1736/7/4 1734/7/4 1737/7/4
f 1737/7/4 1730/7/4 1738/7/4
f 1735/7/4 1736/7/4 1739/7/4
f 1736/7/4 1737/7/4 1739/7/4
f 1739/7/4 1737/7/4 1740/7/4
f 1741/7/4 1742/7/4 1744/7/4
f 1744/7/4 1742/7/4 1745/7/4
f 1745/7/4 1742/7/4 1746/7/4
f 1745/7/4 1746/7/4 1748/7/4
f 1746/7/4 1747/7/4 1748/7/4
f 1748/7/4 1747/7/4 1749/7/4
f 1749/7/4 1747/7/4 1751/7/4
f 1743/7/4 1744/7/4 1752/7/4
f 1752/7/4 1744/7/4 1753/7/4
f 1750/7/4 1751/7/4 1754/7/4
f 1751/7/4 1747/7/4 1755/7/4
f 1754/7/4 1751/7/4 1755/7/4
f 1755/7/4 1747/7/4 1756/7/4
f 1753/7/4 1754/7/4 1757/7/4
f 1754/7/4 1755/7/4 1757/7/4
f 1757/7/4 1755/7/4 1758/7/4
f 1759/7/4 1760/7/4 1761/7/4
f 1761/7/4 1760/7/4 1762/7/4
f 1721/7/4 1722/7/4 1763/7/4
f 1763/7/4 1722/7/4 1764/7/4
f 1762/7/4 1763/7/4 1765/7/4
f 1765/7/4 1763/7/4 1766/7/4
f 1767/7/4 1768/7/4 1770/7/4
f 1770/7/4 1768/7/4 1771/7/4
f 1769/7/4 1770/7/4 1773/7/4
f 1773/7/4 1770/7/4 1774/7/4
f 1771/7/4 1772/7/4 1775/7/4
f 1775/7/4 1772/7/4 1776/7/4
f 1777/7/4 1778/7/4 1779/7/4
f 1779/7/4 1778/7/4 1780/7/4
f 1781/7/4 1782/7/4 1783/7/4
f 1783/7/4 1782/7/4 1784/7/4
f 1785/5/4 1786/5/4 1787/5/4
f 1787/5/4 1786/5/4 1788/5/4
f 1788/5/4 1786/5/4 1789/5/4
f 1789/5/4 1786/5/4 1790/5/4
f 1790/5/4 1786/5/4 1792/5/4
f 1785/5/4 1787/5/4 1793/5/4
f 1791/5/4 1792/5/4 1794/5/4
f 1785/5/4 1793/5/4 1795/5/4
f 1793/5/4 1794/5/4 1795/5/4
f 1794/5/4 1792/5/4 1796/5/4
f 1795/5/4 1794/5/4 1796/5/4
f 1796/5/4 1792/5/4 1797/5/4
f 1792/5/4 1786/5/4 1798/5/4
f 1797/5/4 1792/5/4 1798/5/4
f 1798/5/4 1786/5/4 1800/5/4
f 1785/5/4 1795/5/4 1801/5/4
f 1799/5/4 1800/5/4 1802/5/4
f 1785/5/4 1801/5/4 1803/5/4
f 1801/5/4 1802/5/4 1803/5/4
f 1802/5/4 1800/5/4 1804/5/4
f 1803/5/4 1802/5/4 1804/5/4
f 1800/5/4 1786/5/4 1804/5/4
f 1805/5/4 1806/5/4 1808/5/4
f 1807/5/4 1808/5/4 1809/5/4
f 1808/5/4 1806/5/4 1810/5/4
f 1809/5/4 1808/5/4 1810/5/4
f 1810/5/4 1806/5/4 1811/5/4
f 1811/5/4 1806/5/4 1812/5/4
f 1812/5/4 1806/5/4 1814/5/4
f 1813/5/4 1814/5/4 1816/5/4
f 1815/5/4 1816/5/4 1817/5/4
f 1817/5/4 1816/5/4 1818/5/4
f 1818/5/4 1816/5/4 1819/5/4
f 1814/5/4 1806/5/4 1820/5/4
f 1819/5/4 1816/5/4 1820/5/4
f 1816/5/4 1814/5/4 1820/5/4
f 1821/7/4 1822/7/4 1825/7/4
f 1825/7/4 1822/7/4 1826/7/4
f 1823/7/4 1824/7/4 1827/7/4
f 1827/7/4 1824/7/4 1828/7/4
f 1826/7/4 1827/7/4 1829/7/4
f 1829/7/4 1827/7/4 1830/7/4
f 1831/7/4 1832/7/4 1834/7/4
f 1834/7/4 1832/7/4 1835/7/4
f 1833/7/4 1834/7/4 1837/7/4
f 1837/7/4 1834/7/4 1838/7/4
f 1835/7/4 1836/7/4 1839/7/4
f 1839/7/4 1836/7/4 1840/7/4
f 1838/7/4 1839/7/4 1842/7/4
f 1842/7/4 1839/7/4 1843/7/4
f 1841/7/4 1842/7/4 1845/7/4
f 1845/7/4 1842/7/4 1846/7/4
f 1847/7/4 1848/7/4 1849/7/4
f 1849/7/4 1848/7/4 1850/7/4
f 1850/7/4 1848/7/4 1851/7/4
f 1851/7/4 1852/7/4 1853/7/4
f 1850/7/4 1851/7/4 1853/7/4
f 1853/7/4 1852/7/4 1854/7/4
f 1854/7/4 1852/7/4 1856/7/4
f 1855/7/4 1856/7/4 1858/7/4
f 1856/7/4 1852/7/4 1859/7/4
f 1858/7/4 1856/7/4 1859/7/4
f 1859/7/4 1852/7/4 1860/7/4
f 1857/7/4 1858/7/4 1861/7/4
f 1858/7/4 1859/7/4 1861/7/4
f 1861/7/4 1859/7/4 1862/7/4
f 1863/7/4 1864/7/4 1865/7/4
f 1865/7/4 1864/7/4 1866/7/4
f 1843/7/4 1844/7/4 1867/7/4
f 1867/7/4 1844/7/4 1868/7/4
f 1866/7/4 1867/7/4 1869/7/4
f 1869/7/4 1867/7/4 1870/7/4
f 1871/7/4 1872/7/4 1874/7/4
f 1874/7/4 1872/7/4 1875/7/4
f 1873/7/4 1874/7/4 1877/7/4
f 1877/7/4 1874/7/4 1878/7/4
f 1875/7/4 1876/7/4 1879/7/4
f 1879/7/4 1876/7/4 1880/7/4
f 1881/7/4 1882/7/4 1885/7/4
f 1885/7/4 1882/7/4 1886/7/4
f 1883/7/4 1884/7/4 1887/7/4
f 1887/7/4 1884/7/4 1888/7/4
f 1889/5/4 1890/5/4 1891/5/4
f 1891/5/4 1890/5/4 1892/5/4
f 1893/5/4 1894/5/4 1895/5/4
f 1895/5/4 1894/5/4 1896/5/4
f 1897/5/4 1898/5/4 1899/5/4
f 1899/5/4 1898/5/4 1900/5/4
f 1901/5/4 1902/5/4 1903/5/4
f 1903/5/4 1902/5/4 1904/5/4
f 1905/8/4 1906/8/4 1907/8/4
f 1907/8/4 1906/8/4 1908/8/4
f 1909/8/4 1910/8/4 1911/8/4
f 1911/8/4 1910/8/4 1912/8/4
f 1913/8/4 1914/8/4 1915/8/4
f 1915/8/4 1914/8/4 1916/8/4
f 1917/8/4 1918/8/4 1919/8/4
f 1919/8/4 1918/8/4 1920/8/4
f 1921/8/4 1922/8/4 1923/8/4
f 1923/8/4 1922/8/4 1924/8/4
f 1925/8/4 1926/8/4 1927/8/4
f 1927/8/4 1926/8/4 1928/8/4
f 1929/8/4 1930/8/4 1931/8/4
f 1931/8/4 1930/8/4 1932/8/4
f 1931/7/4 1932/7/4 1933/7/4
f 1933/7/4 1932/7/4 1934/7/4
f 1933/8/4 1934/8/4 1935/8/4
f 1935/8/4 1934/8/4 1936/8/4
f 1937/8/4 1938/8/4 1939/8/4
f 1939/8/4 1938/8/4 1940/8/4
f 1941/5/4 1942/5/4 1943/5/4
f 1943/5/4 1942/5/4 1944/5/4
f 1945/5/4 1946/5/4 1947/5/4
f 1947/5/4 1946/5/4 1948/5/4
f 1949/8/4 1950/8/4 1951/8/4
f 1951/8/4 1950/8/4 1952/8/4
f 1953/8/4 1954/8/4 1955/8/4
f 1955/8/4 1954/8/4 1956/8/4
f 1957/5/4 1958/5/4 1959/5/4
f 1959/5/4 1958/5/4 1960/5/4
f 1961/5/4 1962/5/4 1963/5/4
f 1963/5/4 1962/5/4 1964/5/4
f 1955/7/4 1956/7/4 1965/7/4
f 1965/7/4 1956/7/4 1966/7/4
f 1965/8/4 1966/8/4 1967/8/4
f 1967/8/4 1966/8/4 1968/8/4
f 1969/8/4 1970/8/4 1971/8/4
f 1971/8/4 1970/8/4 1972/8/4
f 1973/8/4 1974/8/4 1975/8/4
f 1975/8/4 1974/8/4 1976/8/4
f 1977/8/4 1978/8/4 1979/8/4
f 1979/8/4 1978/8/4 1980/8/4
f 1979/7/4 1980/7/4 1981/7/4
f 1981/7/4 1980/7/4 1982/7/4
f 1981/8/4 1982/8/4 1983/8/4
f 1983/8/4 1982/8/4 1984/8/4
f 1985/8/4 1986/8/4 1987/8/4
f 1987/8/4 1986/8/4 1988/8/4
f 1989/8/4 1990/8/4 1991/8/4
f 1991/8/4 1990/8/4 1992/8/4
f 1993/8/4 1994/8/4 1995/8/4
f 1995/8/4 1994/8/4 1996/8/4
f 1995/7/4 1996/7/4 1997/7/4
f 1997/7/4 1996/7/4 1998/7/4
f 1997/8/4 1998/8/4 1999/8/4
f 1999/8/4 1998/8/4 2000/8/4
f 2001/8/4 2002/8/4 2003/8/4
f 2003/8/4 2002/8/4 2004/8/4
f 2005/8/4 2006/8/4 2007/8/4
f 2007/8/4 2006/8/4 2008/8/4
f 2009/8/4 2010/8/4 2011/8/4
f 2011/8/4 2010/8/4 2012/8/4
f 2013/5/4 2014/5/4 2015/5/4
f 2015/5/4 2014/5/4 2016/5/4
f 2016/5/4 2014/5/4 2017/5/4
f 2017/5/4 2014/5/4 2018/5/4
f 2018/5/4 2014/5/4 2020/5/4
f 2013/5/4 2015/5/4 2021/5/4
f 2019/5/4 2020/5/4 2022/5/4
f 2013/5/4 2021/5/4 2023/5/4
f 2021/5/4 2022/5/4 2023/5/4
f 2022/5/4 2020/5/4 2024/5/4
f 2023/5/4 2022/5/4 2024/5/4
f 2024/5/4 2020/5/4 2025/5/4
f 2020/5/4 2014/5/4 2026/5/4
f 2025/5/4 2020/5/4 2026/5/4
f 2026/5/4 2014/5/4 2028/5/4
f 2013/5/4 2023/5/4 2029/5/4
f 2027/5/4 2028/5/4 2030/5/4
f 2013/5/4 2029/5/4 2031/5/4
f 2029/5/4 2030/5/4 2031/5/4
f 2030/5/4 2028/5/4 2032/5/4
f 2031/5/4 2030/5/4 2032/5/4
f 2028/5/4 2014/5/4 2032/5/4
f 2033/5/4 2034/5/4 2035/5/4
f 2035/5/4 2034/5/4 2036/5/4
f 2036/5/4 2034/5/4 2037/5/4
f 2037/5/4 2034/5/4 2038/5/4
f 2038/5/4 2034/5/4 2040/5/4
f 2033/5/4 2035/5/4 2041/5/4
f 2039/5/4 2040/5/4 2042/5/4
f 2033/5/4 2041/5/4 2043/5/4
f 2041/5/4 2042/5/4 2043/5/4
f 2042/5/4 2040/5/4 2044/5/4
f 2043/5/4 2042/5/4 2044/5/4
f 2044/5/4 2040/5/4 2045/5/4
f 2040/5/4 2034/5/4 2046/5/4
f 2045/5/4 2040/5/4 2046/5/4
f 2046/5/4 2034/5/4 2048/5/4
f 2033/5/4 2043/5/4 2049/5/4
f 2047/5/4 2048/5/4 2050/5/4
f 2033/5/4 2049/5/4 2051/5/4
f 2049/5/4 2050/5/4 2051/5/4
f 2050/5/4 2048/5/4 2052/5/4
f 2051/5/4 2050/5/4 2052/5/4
f 2048/5/4 2034/5/4 2052/5/4
f 2011/7/4 2012/7/4 2053/7/4
f 2053/7/4 2012/7/4 2054/7/4
f 2053/8/4 2054/8/4 2055/8/4
f 2055/8/4 2054/8/4 2056/8/4
f 2057/7/4 2058/7/4 2061/7/4
f 2061/7/4 2058/7/4 2062/7/4
f 2059/7/4 2060/7/4 2063/7/4
f 2063/7/4 2060/7/4 2064/7/4
f 2062/7/4 2063/7/4 2066/7/4
f 2066/7/4 2063/7/4 2067/7/4
f 2065/7/4 2066/7/4 2069/7/4
f 2069/7/4 2066/7/4 2070/7/4
f 2067/7/4 2068/7/4 2071/7/4
f 2071/7/4 2068/7/4 2072/7/4
f 2070/7/4 2071/7/4 2074/7/4
f 2074/7/4 2071/7/4 2075/7/4
f 2073/7/4 2074/7/4 2077/7/4
f 2077/7/4 2074/7/4 2078/7/4
f 2075/7/4 2076/7/4 2079/7/4
f 2079/7/4 2076/7/4 2080/7/4
f 2078/7/4 2079/7/4 2082/7/4
f 2082/7/4 2079/7/4 2083/7/4
f 2081/7/4 2082/7/4 2085/7/4
f 2085/7/4 2082/7/4 2086/7/4
f 2083/7/4 2084/7/4 2087/7/4
f 2087/7/4 2084/7/4 2088/7/4
f 2089/8/4 2090/8/4 2091/8/4
f 2091/8/4 2090/8/4 2092/8/4
f 2093/7/4 2094/7/4 2097/7/4
f 2097/7/4 2094/7/4 2098/7/4
f 2095/7/4 2096/7/4 2099/7/4
f 2099/7/4 2096/7/4 2100/7/4
f 2101/7/4 2102/7/4 2105/7/4
f 2105/7/4 2102/7/4 2106/7/4
f 2103/7/4 2104/7/4 2107/7/4
f 2107/7/4 2104/7/4 2108/7/4
f 2109/7/4 2110/7/4 2113/7/4
f 2113/7/4 2110/7/4 2114/7/4
f 2111/7/4 2112/7/4 2115/7/4
f 2115/7/4 2112/7/4 2116/7/4
f 2117/8/4 2118/8/4 2119/8/4
f 2119/8/4 2118/8/4 2120/8/4
f 2121/8/4 2122/8/4 2123/8/4
f 2123/8/4 2122/8/4 2124/8/4
f 2128/6/5 2126/6/5 2125/6/5
f 2129/6/5 2126/6/5 2128/6/5
f 2132/6/5 2128/6/5 2127/6/5
f 2132/6/5 2130/6/5 2129/6/5
f 2132/6/5 2129/6/5 2128/6/5
f 2133/6/5 2130/6/5 2132/6/5
f 2140/7/5 2136/7/5 2135/7/5
f 2141/7/5 2136/7/5 2140/7/5
f 2142/6/5 2132/6/5 2131/6/5
f 2142/6/5 2133/6/5 2132/6/5
f 2142/6/5 2134/6/5 2133/6/5
f 2143/6/5 2134/6/5 2142/6/5
f 2144/6/5 2134/6/5 2143/6/5
f 2145/6/5 2134/6/5 2144/6/5
f 2146/7/5 2138/7/5 2137/7/5
f 2147/7/5 2138/7/5 2146/7/5
f 2149/5/5 2141/5/5 2140/5/5
f 2149/7/5 2142/7/5 2141/7/5
f 2149/7/5 2143/7/5 2142/7/5
f 2150/6/5 2144/6/5 2143/6/5
f 2150/7/5 2143/7/5 2149/7/5
f 2151/7/5 2148/7/5 2147/7/5
f 2151/6/5 2144/6/5 2150/6/5
f 2151/7/5 2145/7/5 2144/7/5
f 2151/7/5 2147/7/5 2146/7/5
f 2151/7/5 2146/7/5 2145/7/5
f 2152/7/5 2148/7/5 2151/7/5
f 2153/5/5 2150/5/5 2149/5/5
f 2153/7/5 2140/7/5 2139/7/5
f 2153/5/5 2149/5/5 2140/5/5
f 2154/5/5 2150/5/5 2153/5/5
f 2155/5/5 2150/5/5 2154/5/5
f 2156/5/5 2150/5/5 2155/5/5
f 2157/5/5 2150/5/5 2156/5/5
f 2158/6/5 2151/6/5 2150/6/5
f 2158/5/5 2150/5/5 2157/5/5
f 2159/6/5 2151/6/5 2158/6/5
f 2160/5/5 2152/5/5 2151/5/5
f 2160/6/5 2151/6/5 2159/6/5
f 2161/5/5 2152/5/5 2160/5/5
f 2162/5/5 2152/5/5 2161/5/5
f 2163/5/5 2152/5/5 2162/5/5
f 2164/5/5 2152/5/5 2163/5/5
f 2165/5/5 2152/5/5 2164/5/5
f 2166/5/5 2152/5/5 2165/5/5
f 2167/5/5 2152/5/5 2166/5/5
f 2168/5/5 2152/5/5 2167/5/5
f 2169/5/5 2152/5/5 2168/5/5
f 2170/5/5 2152/5/5 2169/5/5
f 2171/5/5 2152/5/5 2170/5/5
f 2172/5/5 2152/5/5 2171/5/5
f 2173/7/5 2148/7/5 2152/7/5
f 2173/5/5 2152/5/5 2172/5/5
f 2174/7/5 2148/7/5 2173/7/5
f 2175/7/5 2153/7/5 2139/7/5
f 2175/7/5 2154/7/5 2153/7/5
f 2176/7/5 2154/7/5 2175/7/5
f 2177/2/5 2156/2/5 2155/2/5
f 2178/2/5 2156/2/5 2177/2/5
f 2179/2/5 2160/2/5 2159/2/5
f 2179/2/5 2161/2/5 2160/2/5
f 2180/2/5 2161/2/5 2179/2/5
f 2181/2/5 2161/2/5 2180/2/5
f 2182/2/5 2161/2/5 2181/2/5
f 2183/2/5 2165/2/5 2164/2/5
f 2183/3/5 2166/3/5 2165/3/5
f 2184/2/5 2167/2/5 2166/2/5
f 2184/3/5 2166/3/5 2183/3/5
f 2185/2/5 2169/2/5 2168/2/5
f 2185/3/5 2170/3/5 2169/3/5
f 2186/2/5 2171/2/5 2170/2/5
f 2186/3/5 2170/3/5 2185/3/5
f 2187/7/5 2148/7/5 2174/7/5
f 2187/2/5 2174/2/5 2173/2/5
f 2187/2/5 2173/2/5 2172/2/5
f 2188/7/5 2148/7/5 2187/7/5
f 2189/7/5 2148/7/5 2188/7/5
f 2190/7/5 2148/7/5 2189/7/5
f 2191/3/5 2159/3/5 2158/3/5
f 2191/2/5 2158/2/5 2157/2/5
f 2192/2/5 2179/2/5 2159/2/5
f 2192/3/5 2159/3/5 2191/3/5
f 2193/2/5 2183/2/5 2164/2/5
f 2193/2/5 2184/2/5 2183/2/5
f 2194/2/5 2167/2/5 2184/2/5
f 2194/2/5 2184/2/5 2193/2/5
f 2195/2/5 2186/2/5 2185/2/5
f 2195/2/5 2185/2/5 2168/2/5
f 2196/2/5 2171/2/5 2186/2/5
f 2196/2/5 2186/2/5 2195/2/5
f 2197/2/5 2187/2/5 2172/2/5
f 2198/5/5 2188/5/5 2187/5/5
f 2198/2/5 2187/2/5 2197/2/5
f 2199/5/5 2155/5/5 2154/5/5
f 2199/7/5 2154/7/5 2176/7/5
f 2200/2/5 2177/2/5 2155/2/5
f 2200/5/5 2155/5/5 2199/5/5
f 2201/3/5 2157/3/5 2156/3/5
f 2201/2/5 2156/2/5 2178/2/5
f 2202/2/5 2192/2/5 2191/2/5
f 2202/3/5 2157/3/5 2201/3/5
f 2202/2/5 2191/2/5 2157/2/5
f 2203/2/5 2192/2/5 2202/2/5
f 2204/2/5 2179/2/5 2192/2/5
f 2204/2/5 2192/2/5 2203/2/5
f 2205/3/5 2182/3/5 2181/3/5
f 2205/2/5 2181/2/5 2180/2/5
f 2206/2/5 2161/2/5 2182/2/5
f 2206/3/5 2182/3/5 2205/3/5
f 2207/2/5 2167/2/5 2194/2/5
f 2207/3/5 2168/3/5 2167/3/5
f 2208/2/5 2195/2/5 2168/2/5
f 2208/3/5 2168/3/5 2207/3/5
f 2209/5/5 2188/5/5 2198/5/5
f 2209/3/5 2198/3/5 2197/3/5
f 2210/7/5 2189/7/5 2188/7/5
f 2210/5/5 2188/5/5 2209/5/5
f 2211/2/5 2203/2/5 2202/2/5
f 2211/2/5 2201/2/5 2178/2/5
f 2211/2/5 2202/2/5 2201/2/5
f 2212/2/5 2203/2/5 2211/2/5
f 2213/2/5 2205/2/5 2180/2/5
f 2213/2/5 2206/2/5 2205/2/5
f 2214/2/5 2161/2/5 2206/2/5
f 2214/2/5 2206/2/5 2213/2/5
f 2215/2/5 2207/2/5 2194/2/5
f 2215/2/5 2208/2/5 2207/2/5
f 2216/2/5 2195/2/5 2208/2/5
f 2216/2/5 2208/2/5 2215/2/5
f 2217/3/5 2209/3/5 2197/3/5
f 2217/2/5 2197/2/5 2172/2/5
f 2218/7/5 2210/7/5 2209/7/5
f 2218/3/5 2209/3/5 2217/3/5
f 2219/2/5 2177/2/5 2200/2/5
f 2219/3/5 2178/3/5 2177/3/5
f 2220/2/5 2211/2/5 2178/2/5
f 2220/3/5 2178/3/5 2219/3/5
f 2221/2/5 2179/2/5 2204/2/5
f 2221/3/5 2180/3/5 2179/3/5
f 2222/2/5 2213/2/5 2180/2/5
f 2222/3/5 2180/3/5 2221/3/5
f 2223/2/5 2163/2/5 2162/2/5
f 2223/3/5 2164/3/5 2163/3/5
f 2224/2/5 2193/2/5 2164/2/5
f 2224/3/5 2164/3/5 2223/3/5
f 2225/2/5 2218/2/5 2217/2/5
f 2225/2/5 2217/2/5 2172/2/5
f 2226/7/5 2210/7/5 2218/7/5
f 2226/2/5 2218/2/5 2225/2/5
f 2227/2/5 2203/2/5 2212/2/5
f 2227/3/5 2204/3/5 2203/3/5
f 2228/2/5 2221/2/5 2204/2/5
f 2228/3/5 2204/3/5 2227/3/5
f 2228/2/5 2222/2/5 2221/2/5
f 2229/2/5 2222/2/5 2228/2/5
f 2230/2/5 2213/2/5 2222/2/5
f 2230/2/5 2222/2/5 2229/2/5
f 2231/2/5 2223/2/5 2162/2/5
f 2231/2/5 2224/2/5 2223/2/5
f 2232/2/5 2193/2/5 2224/2/5
f 2232/2/5 2224/2/5 2231/2/5
f 2233/3/5 2194/3/5 2193/3/5
f 2233/2/5 2193/2/5 2232/2/5
f 2234/2/5 2215/2/5 2194/2/5
f 2234/3/5 2194/3/5 2233/3/5
f 2235/2/5 2195/2/5 2216/2/5
f 2235/3/5 2196/3/5 2195/3/5
f 2236/2/5 2171/2/5 2196/2/5
f 2236/3/5 2196/3/5 2235/3/5
f 2237/3/5 2172/3/5 2171/3/5
f 2237/2/5 2171/2/5 2236/2/5
f 2238/2/5 2225/2/5 2172/2/5
f 2238/3/5 2172/3/5 2237/3/5
f 2239/7/5 2200/7/5 2199/7/5
f 2239/7/5 2199/7/5 2176/7/5
f 2240/2/5 2219/2/5 2200/2/5
f 2240/7/5 2200/7/5 2239/7/5
f 2240/2/5 2220/2/5 2219/2/5
f 2241/2/5 2227/2/5 2212/2/5
f 2241/2/5 2229/2/5 2228/2/5
f 2241/2/5 2228/2/5 2227/2/5
f 2242/2/5 2229/2/5 2241/2/5
f 2243/2/5 2161/2/5 2214/2/5
f 2243/3/5 2162/3/5 2161/3/5
f 2244/2/5 2231/2/5 2162/2/5
f 2244/3/5 2162/3/5 2243/3/5
f 2245/2/5 2233/2/5 2232/2/5
f 2245/2/5 2234/2/5 2233/2/5
f 2246/2/5 2215/2/5 2234/2/5
f 2246/2/5 2234/2/5 2245/2/5
f 2247/2/5 2236/2/5 2235/2/5
f 2247/2/5 2237/2/5 2236/2/5
f 2247/2/5 2238/2/5 2237/2/5
f 2247/2/5 2235/2/5 2216/2/5
f 2248/2/5 2238/2/5 2247/2/5
f 2249/7/5 2210/7/5 2226/7/5
f 2249/3/5 2226/3/5 2225/3/5
f 2250/7/5 2189/7/5 2210/7/5
f 2250/7/5 2210/7/5 2249/7/5
f 2251/2/5 2220/2/5 2240/2/5
f 2252/2/5 2211/2/5 2220/2/5
f 2252/2/5 2220/2/5 2251/2/5
f 2253/2/5 2243/2/5 2214/2/5
f 2253/2/5 2244/2/5 2243/2/5
f 2254/2/5 2231/2/5 2244/2/5
f 2254/2/5 2244/2/5 2253/2/5
f 2255/2/5 2215/2/5 2246/2/5
f 2255/3/5 2216/3/5 2215/3/5
f 2256/2/5 2247/2/5 2216/2/5
f 2256/3/5 2216/3/5 2255/3/5
f 2257/2/5 2238/2/5 2248/2/5
f 2258/2/5 2225/2/5 2238/2/5
f 2258/2/5 2238/2/5 2257/2/5
f 2259/2/5 2211/2/5 2252/2/5
f 2259/3/5 2212/3/5 2211/3/5
f 2260/2/5 2241/2/5 2212/2/5
f 2260/3/5 2212/3/5 2259/3/5
f 2261/3/5 2214/3/5 2213/3/5
f 2261/2/5 2213/2/5 2230/2/5
f 2262/2/5 2253/2/5 2214/2/5
f 2262/3/5 2214/3/5 2261/3/5
f 2263/2/5 2231/2/5 2254/2/5
f 2263/3/5 2232/3/5 2231/3/5
f 2264/2/5 2245/2/5 2232/2/5
f 2264/3/5 2232/3/5 2263/3/5
f 2265/2/5 2260/2/5 2259/2/5
f 2265/2/5 2259/2/5 2252/2/5
f 2266/2/5 2241/2/5 2260/2/5
f 2266/2/5 2260/2/5 2265/2/5
f 2267/2/5 2261/2/5 2230/2/5
f 2267/2/5 2262/2/5 2261/2/5
f 2268/2/5 2253/2/5 2262/2/5
f 2268/2/5 2262/2/5 2267/2/5
f 2269/2/5 2263/2/5 2254/2/5
f 2269/2/5 2264/2/5 2263/2/5
f 2270/2/5 2245/2/5 2264/2/5
f 2270/2/5 2264/2/5 2269/2/5
f 2271/3/5 2246/3/5 2245/3/5
f 2271/2/5 2245/2/5 2270/2/5
f 2272/2/5 2255/2/5 2246/2/5
f 2272/3/5 2246/3/5 2271/3/5
f 2272/2/5 2256/2/5 2255/2/5
f 2273/2/5 2256/2/5 2272/2/5
f 2274/2/5 2247/2/5 2256/2/5
f 2274/2/5 2256/2/5 2273/2/5
f 2275/3/5 2248/3/5 2247/3/5
f 2275/2/5 2247/2/5 2274/2/5
f 2276/2/5 2257/2/5 2248/2/5
f 2276/3/5 2248/3/5 2275/3/5
f 2277/3/5 2258/3/5 2257/3/5
f 2277/2/5 2257/2/5 2276/2/5
f 2278/2/5 2225/2/5 2258/2/5
f 2278/3/5 2258/3/5 2277/3/5
f 2279/3/5 2249/3/5 2225/3/5
f 2279/2/5 2225/2/5 2278/2/5
f 2280/5/5 2250/5/5 2249/5/5
f 2280/3/5 2249/3/5 2279/3/5
f 2281/2/5 2229/2/5 2242/2/5
f 2281/3/5 2230/3/5 2229/3/5
f 2282/2/5 2267/2/5 2230/2/5
f 2282/3/5 2230/3/5 2281/3/5
f 2283/2/5 2281/2/5 2242/2/5
f 2283/2/5 2282/2/5 2281/2/5
f 2284/2/5 2267/2/5 2282/2/5
f 2284/2/5 2282/2/5 2283/2/5
f 2285/2/5 2251/2/5 2240/2/5
f 2285/3/5 2252/3/5 2251/3/5
f 2286/2/5 2265/2/5 2252/2/5
f 2286/3/5 2252/3/5 2285/3/5
f 2287/2/5 2241/2/5 2266/2/5
f 2287/3/5 2242/3/5 2241/3/5
f 2288/2/5 2283/2/5 2242/2/5
f 2288/3/5 2242/3/5 2287/3/5
f 2289/2/5 2253/2/5 2268/2/5
f 2289/3/5 2254/3/5 2253/3/5
f 2290/2/5 2269/2/5 2254/2/5
f 2290/3/5 2254/3/5 2289/3/5
f 2291/2/5 2277/2/5 2276/2/5
f 2291/2/5 2278/2/5 2277/2/5
f 2291/2/5 2276/2/5 2275/2/5
f 2291/2/5 2280/2/5 2279/2/5
f 2291/2/5 2279/2/5 2278/2/5
f 2292/2/5 2280/2/5 2291/2/5
f 2293/2/5 2280/2/5 2292/2/5
f 2294/5/5 2250/5/5 2280/5/5
f 2294/2/5 2280/2/5 2293/2/5
f 2295/2/5 2285/2/5 2240/2/5
f 2295/2/5 2286/2/5 2285/2/5
f 2296/2/5 2265/2/5 2286/2/5
f 2296/2/5 2286/2/5 2295/2/5
f 2297/2/5 2267/2/5 2284/2/5
f 2297/3/5 2268/3/5 2267/3/5
f 2298/2/5 2290/2/5 2289/2/5
f 2298/3/5 2268/3/5 2297/3/5
f 2298/2/5 2289/2/5 2268/2/5
f 2299/2/5 2290/2/5 2298/2/5
f 2300/2/5 2269/2/5 2290/2/5
f 2300/2/5 2290/2/5 2299/2/5
f 2301/2/5 2273/2/5 2272/2/5
f 2301/2/5 2272/2/5 2271/2/5
f 2301/2/5 2271/2/5 2270/2/5
f 2302/2/5 2273/2/5 2301/2/5
f 2303/3/5 2274/3/5 2273/3/5
f 2303/2/5 2273/2/5 2302/2/5
f 2304/2/5 2275/2/5 2274/2/5
f 2304/3/5 2274/3/5 2303/3/5
f 2304/2/5 2291/2/5 2275/2/5
f 2305/2/5 2291/2/5 2304/2/5
f 2306/2/5 2291/2/5 2305/2/5
f 2307/2/5 2287/2/5 2266/2/5
f 2307/2/5 2288/2/5 2287/2/5
f 2308/2/5 2283/2/5 2288/2/5
f 2308/2/5 2288/2/5 2307/2/5
f 2309/2/5 2299/2/5 2298/2/5
f 2309/2/5 2297/2/5 2284/2/5
f 2309/2/5 2298/2/5 2297/2/5
f 2310/2/5 2299/2/5 2309/2/5
f 2311/3/5 2270/3/5 2269/3/5
f 2311/2/5 2269/2/5 2300/2/5
f 2312/2/5 2301/2/5 2270/2/5
f 2312/3/5 2270/3/5 2311/3/5
f 2313/2/5 2303/2/5 2302/2/5
f 2313/2/5 2305/2/5 2304/2/5
f 2313/2/5 2304/2/5 2303/2/5
f 2314/2/5 2305/2/5 2313/2/5
f 2315/2/5 2291/2/5 2306/2/5
f 2315/3/5 2292/3/5 2291/3/5
f 2316/2/5 2293/2/5 2292/2/5
f 2316/3/5 2292/3/5 2315/3/5
f 2317/2/5 2265/2/5 2296/2/5
f 2317/3/5 2266/3/5 2265/3/5
f 2318/2/5 2307/2/5 2266/2/5
f 2318/3/5 2266/3/5 2317/3/5
f 2319/2/5 2312/2/5 2311/2/5
f 2319/2/5 2311/2/5 2300/2/5
f 2320/2/5 2301/2/5 2312/2/5
f 2320/2/5 2312/2/5 2319/2/5
f 2321/2/5 2315/2/5 2306/2/5
f 2321/2/5 2316/2/5 2315/2/5
f 2322/2/5 2293/2/5 2316/2/5
f 2322/2/5 2316/2/5 2321/2/5
f 2323/3/5 2294/3/5 2293/3/5
f 2323/2/5 2293/2/5 2322/2/5
f 2324/5/5 2250/5/5 2294/5/5
f 2324/3/5 2294/3/5 2323/3/5
f 2328/7/5 2239/7/5 2176/7/5
f 2329/2/5 2317/2/5 2296/2/5
f 2329/2/5 2318/2/5 2317/2/5
f 2330/2/5 2307/2/5 2318/2/5
f 2330/2/5 2318/2/5 2329/2/5
f 2331/2/5 2323/2/5 2322/2/5
f 2331/2/5 2324/2/5 2323/2/5
f 2332/5/5 2250/5/5 2324/5/5
f 2332/2/5 2324/2/5 2331/2/5
f 2334/7/5 2326/7/5 2325/7/5
f 2335/7/5 2326/7/5 2334/7/5
f 2336/7/5 2328/7/5 2327/7/5
f 2337/7/5 2239/7/5 2328/7/5
f 2337/7/5 2328/7/5 2336/7/5
f 2338/5/5 2240/5/5 2239/5/5
f 2338/7/5 2239/7/5 2337/7/5
f 2339/2/5 2295/2/5 2240/2/5
f 2339/3/5 2296/3/5 2295/3/5
f 2340/2/5 2329/2/5 2296/2/5
f 2340/3/5 2296/3/5 2339/3/5
f 2341/2/5 2283/2/5 2308/2/5
f 2341/3/5 2284/3/5 2283/3/5
f 2342/2/5 2309/2/5 2284/2/5
f 2342/3/5 2284/3/5 2341/3/5
f 2343/2/5 2299/2/5 2310/2/5
f 2343/3/5 2300/3/5 2299/3/5
f 2344/2/5 2319/2/5 2300/2/5
f 2344/3/5 2300/3/5 2343/3/5
f 2345/2/5 2305/2/5 2314/2/5
f 2345/3/5 2306/3/5 2305/3/5
f 2346/2/5 2321/2/5 2306/2/5
f 2346/3/5 2306/3/5 2345/3/5
f 2347/3/5 2322/3/5 2321/3/5
f 2347/2/5 2331/2/5 2322/2/5
f 2348/5/5 2332/5/5 2331/5/5
f 2348/2/5 2331/2/5 2347/2/5
f 2349/7/5 2189/7/5 2250/7/5
f 2351/7/5 2335/7/5 2334/7/5
f 2351/7/5 2337/7/5 2336/7/5
f 2351/7/5 2336/7/5 2335/7/5
f 2351/7/5 2334/7/5 2333/7/5
f 2352/5/5 2338/5/5 2337/5/5
f 2352/7/5 2337/7/5 2351/7/5
f 2353/5/5 2240/5/5 2338/5/5
f 2353/5/5 2338/5/5 2352/5/5
f 2353/2/5 2339/2/5 2240/2/5
f 2353/2/5 2340/2/5 2339/2/5
f 2354/2/5 2329/2/5 2340/2/5
f 2354/2/5 2340/2/5 2353/2/5
f 2354/3/5 2330/3/5 2329/3/5
f 2355/2/5 2307/2/5 2330/2/5
f 2355/3/5 2330/3/5 2354/3/5
f 2356/3/5 2308/3/5 2307/3/5
f 2356/2/5 2307/2/5 2355/2/5
f 2357/2/5 2342/2/5 2341/2/5
f 2357/3/5 2308/3/5 2356/3/5
f 2357/2/5 2341/2/5 2308/2/5
f 2358/2/5 2309/2/5 2342/2/5
f 2358/2/5 2342/2/5 2357/2/5
f 2358/3/5 2310/3/5 2309/3/5
f 2359/2/5 2343/2/5 2310/2/5
f 2359/3/5 2310/3/5 2358/3/5
f 2359/2/5 2344/2/5 2343/2/5
f 2360/2/5 2319/2/5 2344/2/5
f 2360/2/5 2344/2/5 2359/2/5
f 2360/3/5 2320/3/5 2319/3/5
f 2361/2/5 2301/2/5 2320/2/5
f 2361/3/5 2320/3/5 2360/3/5
f 2362/3/5 2302/3/5 2301/3/5
f 2362/2/5 2301/2/5 2361/2/5
f 2363/2/5 2313/2/5 2302/2/5
f 2363/3/5 2302/3/5 2362/3/5
f 2364/3/5 2314/3/5 2313/3/5
f 2364/2/5 2313/2/5 2363/2/5
f 2365/2/5 2346/2/5 2345/2/5
f 2365/3/5 2314/3/5 2364/3/5
f 2365/2/5 2345/2/5 2314/2/5
f 2366/2/5 2321/2/5 2346/2/5
f 2366/2/5 2346/2/5 2365/2/5
f 2366/3/5 2347/3/5 2321/3/5
f 2367/5/5 2348/5/5 2347/5/5
f 2367/3/5 2347/3/5 2366/3/5
f 2368/5/5 2332/5/5 2348/5/5
f 2368/5/5 2348/5/5 2367/5/5
f 2369/5/5 2352/5/5 2351/5/5
f 2369/5/5 2354/5/5 2353/5/5
f 2369/5/5 2353/5/5 2352/5/5
f 2369/5/5 2355/5/5 2354/5/5
f 2369/5/5 2356/5/5 2355/5/5
f 2370/5/5 2356/5/5 2369/5/5
f 2371/7/5 2351/7/5 2333/7/5
f 2372/5/5 2369/5/5 2351/5/5
f 2372/7/5 2351/7/5 2371/7/5
f 2373/5/5 2369/5/5 2372/5/5
f 2374/5/5 2369/5/5 2373/5/5
f 2375/6/5 2370/6/5 2369/6/5
f 2375/5/5 2369/5/5 2374/5/5
f 2376/5/5 2356/5/5 2370/5/5
f 2376/6/5 2370/6/5 2375/6/5
f 2377/6/5 2359/6/5 2358/6/5
f 2377/5/5 2356/5/5 2376/5/5
f 2377/6/5 2357/6/5 2356/6/5
f 2377/6/5 2360/6/5 2359/6/5
f 2377/6/5 2367/6/5 2366/6/5
f 2377/6/5 2368/6/5 2367/6/5
f 2377/6/5 2358/6/5 2357/6/5
f 2377/6/5 2365/6/5 2364/6/5
f 2377/6/5 2361/6/5 2360/6/5
f 2377/6/5 2362/6/5 2361/6/5
f 2377/6/5 2364/6/5 2363/6/5
f 2377/6/5 2363/6/5 2362/6/5
f 2377/6/5 2366/6/5 2365/6/5
f 2378/7/5 2350/7/5 2349/7/5
f 2378/7/5 2349/7/5 2250/7/5
f 2379/7/5 2350/7/5 2378/7/5
f 2381/7/5 2373/7/5 2372/7/5
f 2382/6/5 2376/6/5 2375/6/5
f 2382/5/5 2374/5/5 2373/5/5
f 2382/6/5 2377/6/5 2376/6/5
f 2382/6/5 2375/6/5 2374/6/5
f 2383/5/5 2332/5/5 2368/5/5
f 2383/6/5 2377/6/5 2382/6/5
f 2383/6/5 2368/6/5 2377/6/5
f 2384/7/5 2378/7/5 2250/7/5
f 2386/7/5 2381/7/5 2380/7/5
f 2386/7/5 2373/7/5 2381/7/5
f 2386/5/5 2382/5/5 2373/5/5
f 2386/5/5 2383/5/5 2382/5/5
f 2387/7/5 2385/7/5 2384/7/5
f 2387/5/5 2383/5/5 2386/5/5
f 2387/5/5 2332/5/5 2383/5/5
f 2387/7/5 2384/7/5 2250/7/5
f 2387/5/5 2250/5/5 2332/5/5
f 2388/7/5 2386/7/5 2380/7/5
f 2388/7/5 2387/7/5 2386/7/5
f 2389/7/5 2387/7/5 2388/7/5
f 2390/7/5 2387/7/5 2389/7/5
f 2391/7/5 2387/7/5 2390/7/5
f 2392/7/5 2387/7/5 2391/7/5
f 2393/7/5 2387/7/5 2392/7/5
f 2394/7/5 2385/7/5 2387/7/5
f 2394/7/5 2387/7/5 2393/7/5
f 2395/7/5 2385/7/5 2394/7/5
f 2396/7/5 2390/7/5 2389/7/5
f 2397/7/5 2390/7/5 2396/7/5
f 2398/7/5 2392/7/5 2391/7/5
f 2399/7/5 2392/7/5 2398/7/5
f 2400/7/5 2394/7/5 2393/7/5
f 2401/7/5 2394/7/5 2400/7/5
f 2404/7/5 2403/7/5 2402/7/5
f 2405/7/5 2403/7/5 2404/7/5
f 2408/7/5 2407/7/5 2406/7/5
f 2409/7/5 2407/7/5 2408/7/5
f 2414/7/5 2411/7/5 2410/7/5
f 2415/7/5 2411/7/5 2414/7/5
f 2416/7/5 2413/7/5 2412/7/5
f 2417/7/5 2413/7/5 2416/7/5
f 2422/7/5 2419/7/5 2418/7/5
f 2423/7/5 2419/7/5 2422/7/5
f 2424/7/5 2421/7/5 2420/7/5
f 2425/7/5 2421/7/5 2424/7/5
f 2430/7/5 2427/7/5 2426/7/5
f 2431/7/5 2427/7/5 2430/7/5
f 2432/7/5 2429/7/5 2428/7/5
f 2433/7/5 2429/7/5 2432/7/5
f 2438/7/5 2435/7/5 2434/7/5
f 2439/7/5 2435/7/5 2438/7/5
f 2440/7/5 2437/7/5 2436/7/5
f 2441/7/5 2437/7/5 2440/7/5
f 2448/7/5 2443/7/5 2442/7/5
f 2449/7/5 2443/7/5 2448/7/5
f 2450/7/5 2445/7/5 2444/7/5
f 2451/7/5 2445/7/5 2450/7/5
f 2452/7/5 2447/7/5 2446/7/5
f 2453/7/5 2447/7/5 2452/7/5
f 2456/7/5 2455/7/5 2454/7/5
f 2457/7/5 2455/7/5 2456/7/5
f 2460/7/5 2459/7/5 2458/7/5
f 2461/7/5 2459/7/5 2460/7/5
f 2466/4/5 2463/4/5 2462/4/5
f 2467/2/5 2464/2/5 2463/2/5
f 2467/4/5 2463/4/5 2466/4/5
f 2468/4/5 2465/4/5 2464/4/5
f 2468/2/5 2464/2/5 2467/2/5
f 2469/4/5 2465/4/5 2468/4/5
f 2478/5/5 2471/5/5 2470/5/5
f 2479/5/5 2471/5/5 2478/5/5
f 2480/5/5 2473/5/5 2472/5/5
f 2481/5/5 2473/5/5 2480/5/5
f 2482/5/5 2475/5/5 2474/5/5
f 2483/5/5 2475/5/5 2482/5/5
f 2484/5/5 2477/5/5 2476/5/5
f 2485/5/5 2477/5/5 2484/5/5
f 2490/5/5 2487/5/5 2486/5/5
f 2491/5/5 2487/5/5 2490/5/5
f 2492/5/5 2489/5/5 2488/5/5
f 2493/5/5 2489/5/5 2492/5/5
f 2498/5/5 2495/5/5 2494/5/5
f 2499/5/5 2495/5/5 2498/5/5
f 2500/5/5 2497/5/5 2496/5/5
f 2501/5/5 2497/5/5 2500/5/5
f 2506/5/5 2503/5/5 2502/5/5
f 2507/5/5 2503/5/5 2506/5/5
f 2508/5/5 2505/5/5 2504/5/5
f 2509/5/5 2505/5/5 2508/5/5
f 2514/5/5 2511/5/5 2510/5/5
f 2515/5/5 2511/5/5 2514/5/5
f 2516/5/5 2513/5/5 2512/5/5
f 2517/5/5 2513/5/5 2516/5/5
f 2534/5/5 2519/5/5 2518/5/5
f 2535/5/5 2519/5/5 2534/5/5
f 2536/5/5 2521/5/5 2520/5/5
f 2537/5/5 2521/5/5 2536/5/5
f 2538/5/5 2523/5/5 2522/5/5
f 2539/5/5 2523/5/5 2538/5/5
f 2540/5/5 2525/5/5 2524/5/5
f 2541/5/5 2525/5/5 2540/5/5
f 2542/5/5 2527/5/5 2526/5/5
f 2543/5/5 2527/5/5 2542/5/5
f 2544/5/5 2529/5/5 2528/5/5
f 2545/5/5 2529/5/5 2544/5/5
f 2546/5/5 2531/5/5 2530/5/5
f 2547/5/5 2531/5/5 2546/5/5
f 2548/5/5 2533/5/5 2532/5/5
f 2549/5/5 2533/5/5 2548/5/5
f 2554/4/5 2551/4/5 2550/4/5
f 2555/4/5 2551/4/5 2554/4/5
f 2556/4/5 2553/4/5 2552/4/5
f 2557/4/5 2553/4/5 2556/4/5
f 2562/5/5 2559/5/5 2558/5/5
f 2563/5/5 2559/5/5 2562/5/5
f 2564/5/5 2561/5/5 2560/5/5
f 2565/5/5 2561/5/5 2564/5/5
f 2570/5/5 2567/5/5 2566/5/5
f 2571/5/5 2567/5/5 2570/5/5
f 2572/5/5 2569/5/5 2568/5/5
f 2573/5/5 2569/5/5 2572/5/5
f 2578/5/5 2575/5/5 2574/5/5
f 2579/5/5 2575/5/5 2578/5/5
f 2580/5/5 2577/5/5 2576/5/5
f 2581/5/5 2577/5/5 2580/5/5
f 2590/5/5 2583/5/5 2582/5/5
f 2591/5/5 2583/5/5 2590/5/5
f 2592/5/5 2585/5/5 2584/5/5
f 2593/5/5 2585/5/5 2592/5/5
f 2594/5/5 2587/5/5 2586/5/5
f 2595/5/5 2587/5/5 2594/5/5
f 2596/5/5 2589/5/5 2588/5/5
f 2597/5/5 2589/5/5 2596/5/5
f 2603/7/5 2599/7/5 2598/7/5
f 2604/7/5 2599/7/5 2603/7/5
f 2607/7/5 2601/7/5 2600/7/5
f 2608/7/5 2601/7/5 2607/7/5
f 2610/7/5 2605/7/5 2604/7/5
f 2611/7/5 2605/7/5 2610/7/5
f 2612/7/5 2607/7/5 2606/7/5
f 2613/7/5 2607/7/5 2612/7/5
f 2616/7/5 2603/7/5 2602/7/5
f 2617/7/5 2603/7/5 2616/7/5
f 2620/7/5 2615/7/5 2614/7/5
f 2621/7/5 2615/7/5 2620/7/5
f 2624/7/5 2609/7/5 2608/7/5
f 2625/7/5 2609/7/5 2624/7/5
f 2629/7/5 2618/7/5 2617/7/5
f 2630/7/5 2618/7/5 2629/7/5
f 2632/7/5 2627/7/5 2626/7/5
f 2633/7/5 2627/7/5 2632/7/5
f 2634/7/5 2629/7/5 2628/7/5
f 2635/5/5 2630/5/5 2629/5/5
f 2635/7/5 2629/7/5 2634/7/5
f 2636/5/5 2630/5/5 2635/5/5
f 2637/7/5 2620/7/5 2619/7/5
f 2638/7/5 2620/7/5 2637/7/5
f 2639/7/5 2622/7/5 2621/7/5
f 2640/7/5 2622/7/5 2639/7/5
f 2641/7/5 2624/7/5 2623/7/5
f 2642/7/5 2624/7/5 2641/7/5
f 2644/7/5 2634/7/5 2633/7/5
f 2645/5/5 2635/5/5 2634/5/5
f 2645/7/5 2634/7/5 2644/7/5
f 2646/5/5 2635/5/5 2645/5/5
f 2647/7/5 2639/7/5 2638/7/5
f 2648/7/5 2639/7/5 2647/7/5
f 2653/7/5 2632/7/5 2631/7/5
f 2654/7/5 2632/7/5 2653/7/5
f 2657/7/5 2650/7/5 2649/7/5
f 2658/7/5 2650/7/5 2657/7/5
f 2659/7/5 2652/7/5 2651/7/5
f 2660/7/5 2652/7/5 2659/7/5
f 2663/7/5 2643/7/5 2642/7/5
f 2664/7/5 2643/7/5 2663/7/5
f 2665/7/5 2659/7/5 2658/7/5
f 2666/7/5 2659/7/5 2665/7/5
f 2670/7/5 2655/7/5 2654/7/5
f 2671/7/5 2655/7/5 2670/7/5
f 2672/7/5 2657/7/5 2656/7/5
f 2673/7/5 2657/7/5 2672/7/5
f 2674/7/5 2668/7/5 2667/7/5
f 2675/7/5 2668/7/5 2674/7/5
f 2676/7/5 2661/7/5 2660/7/5
f 2677/7/5 2661/7/5 2676/7/5
f 2678/7/5 2663/7/5 2662/7/5
f 2679/7/5 2663/7/5 2678/7/5
f 2681/7/5 2674/7/5 2673/7/5
f 2682/7/5 2674/7/5 2681/7/5
f 2683/7/5 2676/7/5 2675/7/5
f 2684/7/5 2676/7/5 2683/7/5
f 2689/7/5 2670/7/5 2669/7/5
f 2690/7/5 2670/7/5 2689/7/5
f 2691/7/5 2686/7/5 2685/7/5
f 2692/7/5 2686/7/5 2691/7/5
f 2693/7/5 2688/7/5 2687/7/5
f 2694/7/5 2688/7/5 2693/7/5
f 2695/7/5 2680/7/5 2679/7/5
f 2696/7/5 2680/7/5 2695/7/5
f 2697/7/5 2691/7/5 2690/7/5
f 2698/7/5 2691/7/5 2697/7/5
f 2699/7/5 2693/7/5 2692/7/5
f 2700/7/5 2693/7/5 2699/7/5
f 2701/7/5 2695/7/5 2694/7/5
f 2702/7/5 2695/7/5 2701/7/5
f 2709/8/5 2704/8/5 2703/8/5
f 2710/8/5 2704/8/5 2709/8/5
f 2711/8/5 2706/8/5 2705/8/5
f 2712/8/5 2706/8/5 2711/8/5
f 2713/8/5 2708/8/5 2707/8/5
f 2714/8/5 2708/8/5 2713/8/5
f 2715/8/5 2709/8/5 2703/8/5
f 2720/8/5 2708/8/5 2714/8/5
f 2722/8/5 2715/8/5 2703/8/5
f 2722/8/5 2716/8/5 2715/8/5
f 2723/8/5 2722/8/5 2721/8/5
f 2724/8/5 2722/8/5 2723/8/5
f 2725/8/5 2716/8/5 2722/8/5
f 2725/8/5 2722/8/5 2724/8/5
f 2726/8/5 2716/8/5 2725/8/5
f 2727/8/5 2723/8/5 2721/8/5
f 2728/8/5 2723/8/5 2727/8/5
f 2729/8/5 2725/8/5 2724/8/5
f 2730/8/5 2725/8/5 2729/8/5
f 2731/7/5 2718/7/5 2717/7/5
f 2732/7/5 2718/7/5 2731/7/5
f 2733/8/5 2720/8/5 2719/8/5
f 2734/8/5 2708/8/5 2720/8/5
f 2734/8/5 2720/8/5 2733/8/5
f 2735/8/5 2727/8/5 2721/8/5
f 2742/8/5 2708/8/5 2734/8/5
f 2743/8/5 2738/8/5 2737/8/5
f 2744/8/5 2740/8/5 2739/8/5
f 2745/8/5 2743/8/5 2737/8/5
f 2745/8/5 2744/8/5 2743/8/5
f 2746/8/5 2740/8/5 2744/8/5
f 2746/8/5 2744/8/5 2745/8/5
f 2747/8/5 2735/8/5 2721/8/5
f 2747/8/5 2736/8/5 2735/8/5
f 2748/8/5 2736/8/5 2747/8/5
f 2749/8/5 2745/8/5 2737/8/5
f 2750/8/5 2745/8/5 2749/8/5
f 2751/8/5 2740/8/5 2746/8/5
f 2752/8/5 2740/8/5 2751/8/5
f 2753/8/5 2742/8/5 2741/8/5
f 2754/8/5 2708/8/5 2742/8/5
f 2754/8/5 2742/8/5 2753/8/5
f 2755/8/5 2747/8/5 2721/8/5
f 2762/8/5 2708/8/5 2754/8/5
f 2763/8/5 2756/8/5 2755/8/5
f 2764/8/5 2758/8/5 2757/8/5
f 2765/8/5 2758/8/5 2764/8/5
f 2766/8/5 2760/8/5 2759/8/5
f 2767/8/5 2760/8/5 2766/8/5
f 2768/8/5 2762/8/5 2761/8/5
f 2769/8/5 2765/8/5 2764/8/5
f 2769/8/5 2768/8/5 2767/8/5
f 2769/8/5 2755/8/5 2721/8/5
f 2769/8/5 2767/8/5 2766/8/5
f 2769/8/5 2766/8/5 2765/8/5
f 2769/8/5 2763/8/5 2755/8/5
f 2769/8/5 2764/8/5 2763/8/5
f 2770/8/5 2762/8/5 2768/8/5
f 2770/8/5 2768/8/5 2769/8/5
f 2770/8/5 2708/8/5 2762/8/5
f 2775/8/5 2772/8/5 2771/8/5
f 2776/8/5 2772/8/5 2775/8/5
f 2777/8/5 2774/8/5 2773/8/5
f 2778/8/5 2774/8/5 2777/8/5
f 2783/8/5 2780/8/5 2779/8/5
f 2784/8/5 2780/8/5 2783/8/5
f 2785/8/5 2782/8/5 2781/8/5
f 2786/8/5 2782/8/5 2785/8/5
f 2791/8/5 2788/8/5 2787/8/5
f 2792/8/5 2788/8/5 2791/8/5
f 2793/8/5 2790/8/5 2789/8/5
f 2794/8/5 2790/8/5 2793/8/5
f 2799/8/5 2796/8/5 2795/8/5
f 2800/8/5 2796/8/5 2799/8/5
f 2801/8/5 2798/8/5 2797/8/5
f 2802/8/5 2798/8/5 2801/8/5
f 2807/8/5 2804/8/5 2803/8/5
f 2808/8/5 2804/8/5 2807/8/5
f 2809/8/5 2806/8/5 2805/8/5
f 2810/8/5 2806/8/5 2809/8/5
f 2815/8/5 2812/8/5 2811/8/5
f 2816/8/5 2812/8/5 2815/8/5
f 2817/8/5 2814/8/5 2813/8/5
f 2818/8/5 2814/8/5 2817/8/5
f 2821/8/5 2820/8/5 2819/8/5
f 2822/8/5 2820/8/5 2821/8/5
f 2827/8/5 2824/8/5 2823/8/5
f 2828/8/5 2824/8/5 2827/8/5
f 2829/8/5 2826/8/5 2825/8/5
f 2830/8/5 2826/8/5 2829/8/5
f 2831/6/6 2832/6/6 2834/6/6
f 2834/6/6 2832/6/6 2835/6/6
f 2833/6/6 2834/6/6 2838/6/6
f 2835/6/6 2836/6/6 2838/6/6
f 2834/6/6 2835/6/6 2838/6/6
f 2838/6/6 2836/6/6 2839/6/6
f 2837/6/6 2838/6/6 2841/6/6
f 2839/6/6 2840/6/6 2841/6/6
f 2838/6/6 2839/6/6 2841/6/6
f 2841/6/6 2840/6/6 2842/6/6
f 2842/6/6 2840/6/6 2843/6/6
f 2843/6/6 2840/6/6 2844/6/6
f 2842/6/6 2843/6/6 2848/6/6
f 2848/6/6 2843/6/6 2849/6/6
f 2849/6/6 2843/6/6 2850/6/6
f 2845/2/6 2846/2/6 2864/2/6
f 2846/3/6 2847/3/6 2865/3/6
f 2848/3/6 2849/3/6 2866/3/6
f 2849/2/6 2850/2/6 2867/2/6
f 2867/2/6 2850/2/6 2868/2/6
f 2868/2/6 2850/2/6 2869/2/6
f 2869/2/6 2850/2/6 2870/2/6
f 2851/3/6 2852/3/6 2871/3/6
f 2854/2/6 2855/2/6 2872/2/6
f 2855/3/6 2856/3/6 2872/3/6
f 2856/2/6 2857/2/6 2873/2/6
f 2872/3/6 2856/3/6 2873/3/6
f 2858/2/6 2859/2/6 2874/2/6
f 2859/3/6 2860/3/6 2874/3/6
f 2860/2/6 2861/2/6 2875/2/6
f 2874/3/6 2860/3/6 2875/3/6
f 2861/3/6 2862/3/6 2876/3/6
f 2863/3/6 2864/3/6 2879/3/6
f 2865/2/6 2866/2/6 2880/2/6
f 2866/3/6 2849/3/6 2880/3/6
f 2849/2/6 2867/2/6 2881/2/6
f 2880/3/6 2849/3/6 2881/3/6
f 2854/2/6 2872/2/6 2882/2/6
f 2872/2/6 2873/2/6 2882/2/6
f 2873/2/6 2857/2/6 2883/2/6
f 2882/2/6 2873/2/6 2883/2/6
f 2858/2/6 2874/2/6 2884/2/6
f 2874/2/6 2875/2/6 2884/2/6
f 2875/2/6 2861/2/6 2885/2/6
f 2884/2/6 2875/2/6 2885/2/6
f 2876/2/6 2877/2/6 2886/2/6
f 2846/3/6 2865/3/6 2888/3/6
f 2864/2/6 2846/2/6 2888/2/6
f 2880/2/6 2881/2/6 2889/2/6
f 2888/3/6 2865/3/6 2889/3/6
f 2865/2/6 2880/2/6 2889/2/6
f 2889/2/6 2881/2/6 2890/2/6
f 2881/2/6 2867/2/6 2891/2/6
f 2890/2/6 2881/2/6 2891/2/6
f 2869/3/6 2870/3/6 2892/3/6
f 2868/2/6 2869/2/6 2892/2/6
f 2870/2/6 2871/2/6 2893/2/6
f 2892/3/6 2870/3/6 2893/3/6
f 2857/3/6 2858/3/6 2894/3/6
f 2883/2/6 2857/2/6 2894/2/6
f 2858/2/6 2884/2/6 2895/2/6
f 2894/3/6 2858/3/6 2895/3/6
f 2889/2/6 2890/2/6 2896/2/6
f 2864/2/6 2888/2/6 2896/2/6
f 2888/2/6 2889/2/6 2896/2/6
f 2896/2/6 2890/2/6 2897/2/6
f 2868/2/6 2892/2/6 2898/2/6
f 2892/2/6 2893/2/6 2898/2/6
f 2893/2/6 2871/2/6 2899/2/6
f 2898/2/6 2893/2/6 2899/2/6
f 2883/2/6 2894/2/6 2900/2/6
f 2894/2/6 2895/2/6 2900/2/6
f 2895/2/6 2884/2/6 2901/2/6
f 2900/2/6 2895/2/6 2901/2/6
f 2886/3/6 2887/3/6 2902/3/6
f 2876/2/6 2886/2/6 2902/2/6
f 2902/3/6 2887/3/6 2903/3/6
f 2878/2/6 2879/2/6 2904/2/6
f 2879/3/6 2864/3/6 2904/3/6
f 2864/2/6 2896/2/6 2905/2/6
f 2904/3/6 2864/3/6 2905/3/6
f 2891/2/6 2867/2/6 2906/2/6
f 2867/3/6 2868/3/6 2906/3/6
f 2868/2/6 2898/2/6 2907/2/6
f 2906/3/6 2868/3/6 2907/3/6
f 2852/2/6 2853/2/6 2908/2/6
f 2853/3/6 2854/3/6 2908/3/6
f 2854/2/6 2882/2/6 2909/2/6
f 2908/3/6 2854/3/6 2909/3/6
f 2902/2/6 2903/2/6 2910/2/6
f 2876/2/6 2902/2/6 2910/2/6
f 2910/2/6 2903/2/6 2911/2/6
f 2897/2/6 2890/2/6 2912/2/6
f 2890/3/6 2891/3/6 2912/3/6
f 2906/2/6 2907/2/6 2913/2/6
f 2912/3/6 2891/3/6 2913/3/6
f 2891/2/6 2906/2/6 2913/2/6
f 2913/2/6 2907/2/6 2914/2/6
f 2907/2/6 2898/2/6 2915/2/6
f 2914/2/6 2907/2/6 2915/2/6
f 2852/2/6 2908/2/6 2916/2/6
f 2908/2/6 2909/2/6 2916/2/6
f 2909/2/6 2882/2/6 2917/2/6
f 2916/2/6 2909/2/6 2917/2/6
f 2882/3/6 2883/3/6 2918/3/6
f 2917/2/6 2882/2/6 2918/2/6
f 2883/2/6 2900/2/6 2919/2/6
f 2918/3/6 2883/3/6 2919/3/6
f 2901/2/6 2884/2/6 2920/2/6
f 2884/3/6 2885/3/6 2920/3/6
f 2885/2/6 2861/2/6 2921/2/6
f 2920/3/6 2885/3/6 2921/3/6
f 2861/3/6 2876/3/6 2922/3/6
f 2921/2/6 2861/2/6 2922/2/6
f 2876/2/6 2910/2/6 2923/2/6
f 2922/3/6 2876/3/6 2923/3/6
f 2913/2/6 2914/2/6 2924/2/6
f 2897/2/6 2912/2/6 2924/2/6
f 2912/2/6 2913/2/6 2924/2/6
f 2924/2/6 2914/2/6 2925/2/6
f 2899/2/6 2871/2/6 2926/2/6
f 2871/3/6 2852/3/6 2926/3/6
f 2852/2/6 2916/2/6 2927/2/6
f 2926/3/6 2852/3/6 2927/3/6
f 2917/2/6 2918/2/6 2928/2/6
f 2918/2/6 2919/2/6 2928/2/6
f 2919/2/6 2900/2/6 2929/2/6
f 2928/2/6 2919/2/6 2929/2/6
f 2901/2/6 2920/2/6 2930/2/6
f 2922/2/6 2923/2/6 2930/2/6
f 2921/2/6 2922/2/6 2930/2/6
f 2920/2/6 2921/2/6 2930/2/6
f 2930/2/6 2923/2/6 2931/2/6
f 2904/2/6 2905/2/6 2932/2/6
f 2878/2/6 2904/2/6 2932/2/6
f 2905/2/6 2896/2/6 2933/2/6
f 2932/2/6 2905/2/6 2933/2/6
f 2899/2/6 2926/2/6 2934/2/6
f 2926/2/6 2927/2/6 2934/2/6
f 2927/2/6 2916/2/6 2935/2/6
f 2934/2/6 2927/2/6 2935/2/6
f 2929/2/6 2900/2/6 2936/2/6
f 2900/3/6 2901/3/6 2936/3/6
f 2901/2/6 2930/2/6 2937/2/6
f 2936/3/6 2901/3/6 2937/3/6
f 2931/2/6 2923/2/6 2938/2/6
f 2923/2/6 2910/2/6 2939/2/6
f 2938/2/6 2923/2/6 2939/2/6
f 2896/3/6 2897/3/6 2940/3/6
f 2933/2/6 2896/2/6 2940/2/6
f 2897/2/6 2924/2/6 2941/2/6
f 2940/3/6 2897/3/6 2941/3/6
f 2915/2/6 2898/2/6 2942/2/6
f 2898/3/6 2899/3/6 2942/3/6
f 2899/2/6 2934/2/6 2943/2/6
f 2942/3/6 2899/3/6 2943/3/6
f 2935/2/6 2916/2/6 2944/2/6
f 2916/3/6 2917/3/6 2944/3/6
f 2917/2/6 2928/2/6 2945/2/6
f 2944/3/6 2917/3/6 2945/3/6
f 2933/2/6 2940/2/6 2946/2/6
f 2940/2/6 2941/2/6 2946/2/6
f 2941/2/6 2924/2/6 2947/2/6
f 2946/2/6 2941/2/6 2947/2/6
f 2915/2/6 2942/2/6 2948/2/6
f 2942/2/6 2943/2/6 2948/2/6
f 2943/2/6 2934/2/6 2949/2/6
f 2948/2/6 2943/2/6 2949/2/6
f 2935/2/6 2944/2/6 2950/2/6
f 2944/2/6 2945/2/6 2950/2/6
f 2945/2/6 2928/2/6 2951/2/6
f 2950/2/6 2945/2/6 2951/2/6
f 2928/3/6 2929/3/6 2952/3/6
f 2951/2/6 2928/2/6 2952/2/6
f 2929/2/6 2936/2/6 2953/2/6
f 2952/3/6 2929/3/6 2953/3/6
f 2936/2/6 2937/2/6 2953/2/6
f 2953/2/6 2937/2/6 2954/2/6
f 2937/2/6 2930/2/6 2955/2/6
f 2954/2/6 2937/2/6 2955/2/6
f 2930/3/6 2931/3/6 2956/3/6
f 2955/2/6 2930/2/6 2956/2/6
f 2931/2/6 2938/2/6 2957/2/6
f 2956/3/6 2931/3/6 2957/3/6
f 2938/3/6 2939/3/6 2958/3/6
f 2957/2/6 2938/2/6 2958/2/6
f 2939/2/6 2910/2/6 2959/2/6
f 2958/3/6 2939/3/6 2959/3/6
f 2910/3/6 2911/3/6 2960/3/6
f 2959/2/6 2910/2/6 2960/2/6
f 2960/3/6 2911/3/6 2961/3/6
f 2925/2/6 2914/2/6 2962/2/6
f 2914/3/6 2915/3/6 2962/3/6
f 2915/2/6 2948/2/6 2963/2/6
f 2962/3/6 2915/3/6 2963/3/6
f 2925/2/6 2962/2/6 2964/2/6
f 2962/2/6 2963/2/6 2964/2/6
f 2963/2/6 2948/2/6 2965/2/6
f 2964/2/6 2963/2/6 2965/2/6
f 2878/2/6 2932/2/6 2966/2/6
f 2932/3/6 2933/3/6 2966/3/6
f 2933/2/6 2946/2/6 2967/2/6
f 2966/3/6 2933/3/6 2967/3/6
f 2924/3/6 2925/3/6 2968/3/6
f 2947/2/6 2924/2/6 2968/2/6
f 2925/2/6 2964/2/6 2969/2/6
f 2968/3/6 2925/3/6 2969/3/6
f 2949/2/6 2934/2/6 2970/2/6
f 2934/3/6 2935/3/6 2970/3/6
f 2935/2/6 2950/2/6 2971/2/6
f 2970/3/6 2935/3/6 2971/3/6
f 2957/2/6 2958/2/6 2972/2/6
f 2956/2/6 2957/2/6 2972/2/6
f 2958/2/6 2959/2/6 2972/2/6
f 2959/2/6 2960/2/6 2972/2/6
f 2960/2/6 2961/2/6 2972/2/6
f 2972/2/6 2961/2/6 2973/2/6
f 2973/2/6 2961/2/6 2974/2/6
f 2974/2/6 2961/2/6 2975/2/6
f 2966/2/6 2967/2/6 2976/2/6
f 2878/2/6 2966/2/6 2976/2/6
f 2967/2/6 2946/2/6 2977/2/6
f 2976/2/6 2967/2/6 2977/2/6
f 2965/2/6 2948/2/6 2978/2/6
f 2948/3/6 2949/3/6 2978/3/6
f 2949/2/6 2970/2/6 2979/2/6
f 2978/3/6 2949/3/6 2979/3/6
f 2970/2/6 2971/2/6 2979/2/6
f 2979/2/6 2971/2/6 2980/2/6
f 2971/2/6 2950/2/6 2981/2/6
f 2980/2/6 2971/2/6 2981/2/6
f 2953/2/6 2954/2/6 2982/2/6
f 2952/2/6 2953/2/6 2982/2/6
f 2951/2/6 2952/2/6 2982/2/6
f 2982/2/6 2954/2/6 2983/2/6
f 2954/3/6 2955/3/6 2984/3/6
f 2983/2/6 2954/2/6 2984/2/6
f 2955/2/6 2956/2/6 2985/2/6
f 2984/3/6 2955/3/6 2985/3/6
f 2956/2/6 2972/2/6 2985/2/6
f 2985/2/6 2972/2/6 2986/2/6
f 2986/2/6 2972/2/6 2987/2/6
f 2947/2/6 2968/2/6 2988/2/6
f 2968/2/6 2969/2/6 2988/2/6
f 2969/2/6 2964/2/6 2989/2/6
f 2988/2/6 2969/2/6 2989/2/6
f 2965/2/6 2978/2/6 2990/2/6
f 2979/2/6 2980/2/6 2990/2/6
f 2978/2/6 2979/2/6 2990/2/6
f 2990/2/6 2980/2/6 2991/2/6
f 2950/3/6 2951/3/6 2992/3/6
f 2981/2/6 2950/2/6 2992/2/6
f 2951/2/6 2982/2/6 2993/2/6
f 2992/3/6 2951/3/6 2993/3/6
f 2983/2/6 2984/2/6 2994/2/6
f 2985/2/6 2986/2/6 2994/2/6
f 2984/2/6 2985/2/6 2994/2/6
f 2994/2/6 2986/2/6 2995/2/6
f 2987/2/6 2972/2/6 2996/2/6
f 2972/3/6 2973/3/6 2996/3/6
f 2973/2/6 2974/2/6 2997/2/6
f 2996/3/6 2973/3/6 2997/3/6
f 2977/2/6 2946/2/6 2998/2/6
f 2946/3/6 2947/3/6 2998/3/6
f 2947/2/6 2988/2/6 2999/2/6
f 2998/3/6 2947/3/6 2999/3/6
f 2992/2/6 2993/2/6 3000/2/6
f 2981/2/6 2992/2/6 3000/2/6
f 2993/2/6 2982/2/6 3001/2/6
f 3000/2/6 2993/2/6 3001/2/6
f 2987/2/6 2996/2/6 3002/2/6
f 2996/2/6 2997/2/6 3002/2/6
f 2997/2/6 2974/2/6 3003/2/6
f 3002/2/6 2997/2/6 3003/2/6
f 2974/3/6 2975/3/6 3004/3/6
f 3003/2/6 2974/2/6 3004/2/6
f 3004/3/6 2975/3/6 3005/3/6
f 2878/2/6 2976/2/6 3006/2/6
f 2976/3/6 2977/3/6 3007/3/6
f 3006/2/6 2976/2/6 3007/2/6
f 2977/2/6 2998/2/6 3008/2/6
f 2998/2/6 2999/2/6 3008/2/6
f 2999/2/6 2988/2/6 3009/2/6
f 3008/2/6 2999/2/6 3009/2/6
f 3003/2/6 3004/2/6 3010/2/6
f 3004/2/6 3005/2/6 3010/2/6
f 3010/2/6 3005/2/6 3011/2/6
f 3007/3/6 2977/3/6 3012/3/6
f 2977/2/6 3008/2/6 3013/2/6
f 3012/3/6 2977/3/6 3013/3/6
f 3009/2/6 2988/2/6 3014/2/6
f 3008/3/6 3009/3/6 3014/3/6
f 2988/3/6 2989/3/6 3015/3/6
f 3014/2/6 2988/2/6 3015/2/6
f 2989/2/6 2964/2/6 3016/2/6
f 2964/3/6 2965/3/6 3016/3/6
f 2965/2/6 2990/2/6 3017/2/6
f 3016/3/6 2965/3/6 3017/3/6
f 2991/2/6 2980/2/6 3018/2/6
f 2990/3/6 2991/3/6 3018/3/6
f 2980/3/6 2981/3/6 3019/3/6
f 3018/2/6 2980/2/6 3019/2/6
f 2981/2/6 3000/2/6 3020/2/6
f 3019/3/6 2981/3/6 3020/3/6
f 2995/2/6 2986/2/6 3021/2/6
f 2986/3/6 2987/3/6 3021/3/6
f 2987/2/6 3002/2/6 3022/2/6
f 3021/3/6 2987/3/6 3022/3/6
f 3002/3/6 3003/3/6 3023/3/6
f 3003/2/6 3010/2/6 3023/2/6
f 3023/2/6 3010/2/6 3024/2/6
f 3013/2/6 3008/2/6 3025/2/6
f 3008/3/6 3014/3/6 3026/3/6
f 3025/2/6 3008/2/6 3026/2/6
f 3026/3/6 3014/3/6 3027/3/6
f 3015/3/6 2989/3/6 3028/3/6
f 3016/2/6 3017/2/6 3029/2/6
f 3028/3/6 2989/3/6 3029/3/6
f 2989/2/6 3016/2/6 3029/2/6
f 3017/2/6 2990/2/6 3030/2/6
f 3029/2/6 3017/2/6 3030/2/6
f 2990/3/6 3018/3/6 3030/3/6
f 3030/3/6 3018/3/6 3031/3/6
f 3019/2/6 3020/2/6 3032/2/6
f 3020/2/6 3000/2/6 3033/2/6
f 3032/2/6 3020/2/6 3033/2/6
f 3000/3/6 3001/3/6 3033/3/6
f 3001/2/6 2982/2/6 3034/2/6
f 3033/3/6 3001/3/6 3034/3/6
f 2982/3/6 2983/3/6 3035/3/6
f 3034/2/6 2982/2/6 3035/2/6
f 2983/2/6 2994/2/6 3036/2/6
f 3035/3/6 2983/3/6 3036/3/6
f 2994/3/6 2995/3/6 3037/3/6
f 3036/2/6 2994/2/6 3037/2/6
f 2995/2/6 3021/2/6 3038/2/6
f 3037/3/6 2995/3/6 3038/3/6
f 3021/2/6 3022/2/6 3038/2/6
f 3022/2/6 3002/2/6 3039/2/6
f 3038/2/6 3022/2/6 3039/2/6
f 3002/3/6 3023/3/6 3039/3/6
f 3039/3/6 3023/3/6 3040/3/6
f 3041/6/6 3042/6/6 3048/6/6
f 3048/6/6 3042/6/6 3049/6/6
f 3028/6/6 3029/6/6 3050/6/6
f 3030/6/6 3031/6/6 3050/6/6
f 3029/6/6 3030/6/6 3050/6/6
f 3050/6/6 3031/6/6 3051/6/6
f 3043/6/6 3044/6/6 3052/6/6
f 3052/6/6 3044/6/6 3053/6/6
f 3045/6/6 3046/6/6 3055/6/6
f 3052/6/6 3053/6/6 3056/6/6
f 3048/6/6 3049/6/6 3056/6/6
f 3051/6/6 3052/6/6 3056/6/6
f 3047/6/6 3048/6/6 3056/6/6
f 3049/6/6 3050/6/6 3056/6/6
f 3053/6/6 3054/6/6 3056/6/6
f 3050/6/6 3051/6/6 3056/6/6
f 3045/6/6 3055/6/6 3057/6/6
f 3055/6/6 3056/6/6 3057/6/6
f 3056/6/6 3054/6/6 3058/6/6
f 3057/6/6 3056/6/6 3058/6/6
f 3045/6/6 3057/6/6 3059/6/6
f 3059/6/6 3057/6/6 3060/6/6
f 3058/6/6 3054/6/6 3061/6/6
f 3061/6/6 3054/6/6 3062/6/6
f 3063/7/6 3064/7/6 3068/7/6
f 3068/7/6 3064/7/6 3069/7/6
f 3065/7/6 3066/7/6 3072/7/6
f 3072/7/6 3066/7/6 3073/7/6
f 3069/7/6 3070/7/6 3075/7/6
f 3075/7/6 3070/7/6 3076/7/6
f 3071/7/6 3072/7/6 3077/7/6
f 3077/7/6 3072/7/6 3078/7/6
f 3067/7/6 3068/7/6 3083/7/6
f 3083/7/6 3068/7/6 3084/7/6
f 3079/7/6 3080/7/6 3087/7/6
f 3087/7/6 3080/7/6 3088/7/6
f 3081/7/6 3082/7/6 3089/7/6
f 3089/7/6 3082/7/6 3090/7/6
f 3073/7/6 3074/7/6 3093/7/6
f 3093/7/6 3074/7/6 3094/7/6
f 3086/7/6 3087/7/6 3095/7/6
f 3095/7/6 3087/7/6 3096/7/6
f 3090/7/6 3091/7/6 3097/7/6
f 3097/7/6 3091/7/6 3098/7/6
f 3084/7/6 3085/7/6 3102/7/6
f 3099/7/6 3100/7/6 3108/7/6
f 3108/7/6 3100/7/6 3109/7/6
f 3101/7/6 3102/7/6 3110/7/6
f 3102/7/6 3085/7/6 3111/7/6
f 3110/7/6 3102/7/6 3111/7/6
f 3111/7/6 3085/7/6 3112/7/6
f 3103/7/6 3104/7/6 3113/7/6
f 3113/7/6 3104/7/6 3114/7/6
f 3105/7/6 3106/7/6 3117/7/6
f 3117/7/6 3106/7/6 3118/7/6
f 3092/7/6 3093/7/6 3119/7/6
f 3119/7/6 3093/7/6 3120/7/6
f 3109/7/6 3110/7/6 3122/7/6
f 3110/7/6 3111/7/6 3122/7/6
f 3122/7/6 3111/7/6 3123/7/6
f 3114/7/6 3115/7/6 3124/7/6
f 3124/7/6 3115/7/6 3125/7/6
f 3116/7/6 3117/7/6 3126/7/6
f 3126/7/6 3117/7/6 3127/7/6
f 3107/7/6 3108/7/6 3134/7/6
f 3134/7/6 3108/7/6 3135/7/6
f 3128/7/6 3129/7/6 3138/7/6
f 3138/7/6 3129/7/6 3139/7/6
f 3130/7/6 3131/7/6 3140/7/6
f 3140/7/6 3131/7/6 3141/7/6
f 3132/7/6 3133/7/6 3142/7/6
f 3142/7/6 3133/7/6 3143/7/6
f 3120/7/6 3121/7/6 3146/7/6
f 3146/7/6 3121/7/6 3147/7/6
f 3139/7/6 3140/7/6 3148/7/6
f 3148/7/6 3140/7/6 3149/7/6
f 3135/7/6 3136/7/6 3153/7/6
f 3153/7/6 3136/7/6 3154/7/6
f 3137/7/6 3138/7/6 3155/7/6
f 3155/7/6 3138/7/6 3156/7/6
f 3150/7/6 3151/7/6 3157/7/6
f 3157/7/6 3151/7/6 3158/7/6
f 3143/7/6 3144/7/6 3159/7/6
f 3159/7/6 3144/7/6 3160/7/6
f 3145/7/6 3146/7/6 3161/7/6
f 3161/7/6 3146/7/6 3162/7/6
f 3156/7/6 3157/7/6 3164/7/6
f 3164/7/6 3157/7/6 3165/7/6
f 3158/7/6 3159/7/6 3166/7/6
f 3166/7/6 3159/7/6 3167/7/6
f 3152/7/6 3153/7/6 3172/7/6
f 3172/7/6 3153/7/6 3173/7/6
f 3168/7/6 3169/7/6 3174/7/6
f 3174/7/6 3169/7/6 3175/7/6
f 3170/7/6 3171/7/6 3176/7/6
f 3176/7/6 3171/7/6 3177/7/6
f 3162/7/6 3163/7/6 3178/7/6
f 3178/7/6 3163/7/6 3179/7/6
f 3173/7/6 3174/7/6 3180/7/6
f 3180/7/6 3174/7/6 3181/7/6
f 3175/7/6 3176/7/6 3182/7/6
f 3182/7/6 3176/7/6 3183/7/6
f 3177/7/6 3178/7/6 3184/7/6
f 3184/7/6 3178/7/6 3185/7/6
f 3186/7/6 3187/7/6 3188/7/6
f 3188/7/6 3187/7/6 3189/7/6
f 3190/7/6 3191/7/6 3194/7/6
f 3194/7/6 3191/7/6 3195/7/6
f 3192/7/6 3193/7/6 3196/7/6
f 3196/7/6 3193/7/6 3197/7/6
f 3198/7/6 3199/7/6 3202/7/6
f 3202/7/6 3199/7/6 3203/7/6
f 3200/7/6 3201/7/6 3204/7/6
f 3204/7/6 3201/7/6 3205/7/6
f 3206/7/6 3207/7/6 3210/7/6
f 3210/7/6 3207/7/6 3211/7/6
f 3208/7/6 3209/7/6 3212/7/6
f 3212/7/6 3209/7/6 3213/7/6
f 3214/7/6 3215/7/6 3218/7/6
f 3218/7/6 3215/7/6 3219/7/6
f 3216/7/6 3217/7/6 3220/7/6
f 3220/7/6 3217/7/6 3221/7/6
f 3222/7/6 3223/7/6 3228/7/6
f 3228/7/6 3223/7/6 3229/7/6
f 3224/7/6 3225/7/6 3230/7/6
f 3230/7/6 3225/7/6 3231/7/6
f 3226/7/6 3227/7/6 3232/7/6
f 3232/7/6 3227/7/6 3233/7/6
f 3234/7/6 3235/7/6 3240/7/6
f 3240/7/6 3235/7/6 3241/7/6
f 3236/7/6 3237/7/6 3242/7/6
f 3242/7/6 3237/7/6 3243/7/6
f 3238/7/6 3239/7/6 3244/7/6
f 3244/7/6 3239/7/6 3245/7/6
f 3246/7/6 3247/7/6 3248/7/6
f 3248/7/6 3247/7/6 3249/7/6
f 3250/7/6 3251/7/6 3252/7/6
f 3252/7/6 3251/7/6 3253/7/6
f 3254/7/6 3255/7/6 3256/7/6
f 3256/7/6 3255/7/6 3257/7/6
f 3258/7/6 3259/7/6 3260/7/6
f 3260/7/6 3259/7/6 3261/7/6
f 3262/5/6 3263/5/6 3266/5/6
f 3266/5/6 3263/5/6 3267/5/6
f 3264/5/6 3265/5/6 3268/5/6
f 3268/5/6 3265/5/6 3269/5/6
f 3270/5/6 3271/5/6 3274/5/6
f 3274/5/6 3271/5/6 3275/5/6
f 3272/5/6 3273/5/6 3276/5/6
f 3276/5/6 3273/5/6 3277/5/6
f 3278/5/6 3279/5/6 3282/5/6
f 3282/5/6 3279/5/6 3283/5/6
f 3280/5/6 3281/5/6 3284/5/6
f 3284/5/6 3281/5/6 3285/5/6
f 3286/5/6 3287/5/6 3294/5/6
f 3294/5/6 3287/5/6 3295/5/6
f 3288/5/6 3289/5/6 3296/5/6
f 3296/5/6 3289/5/6 3297/5/6
f 3290/5/6 3291/5/6 3298/5/6
f 3298/5/6 3291/5/6 3299/5/6
f 3292/5/6 3293/5/6 3300/5/6
f 3300/5/6 3293/5/6 3301/5/6
f 3302/4/6 3303/4/6 3306/4/6
f 3306/4/6 3303/4/6 3307/4/6
f 3304/4/6 3305/4/6 3308/4/6
f 3308/4/6 3305/4/6 3309/4/6
f 3310/8/6 3311/8/6 3316/8/6
f 3312/8/6 3313/8/6 3318/8/6
f 3318/8/6 3313/8/6 3319/8/6
f 3314/8/6 3315/8/6 3321/8/6
f 3316/8/6 3317/8/6 3322/8/6
f 3322/8/6 3317/8/6 3323/8/6
f 3320/8/6 3321/8/6 3324/8/6
f 3324/8/6 3321/8/6 3325/8/6
f 3310/8/6 3316/8/6 3327/8/6
f 3316/8/6 3322/8/6 3327/8/6
f 3326/8/6 3327/8/6 3328/8/6
f 3328/8/6 3327/8/6 3329/8/6
f 3321/8/6 3315/8/6 3330/8/6
f 3325/8/6 3321/8/6 3330/8/6
f 3330/8/6 3315/8/6 3331/8/6
f 3329/8/6 3327/8/6 3332/8/6
f 3322/7/6 3323/7/6 3333/7/6
f 3332/8/6 3327/8/6 3333/8/6
f 3327/8/6 3322/8/6 3333/8/6
f 3329/8/6 3332/8/6 3334/8/6
f 3332/7/6 3333/7/6 3335/7/6
f 3334/8/6 3332/8/6 3335/8/6
f 3333/7/6 3323/7/6 3336/7/6
f 3335/7/6 3333/7/6 3336/7/6
f 3324/7/6 3325/7/6 3337/7/6
f 3325/8/6 3330/8/6 3338/8/6
f 3337/7/6 3325/7/6 3338/7/6
f 3338/8/6 3330/8/6 3339/8/6
f 3340/8/6 3341/8/6 3344/8/6
f 3344/8/6 3341/8/6 3345/8/6
f 3342/8/6 3343/8/6 3346/8/6
f 3346/8/6 3343/8/6 3347/8/6
f 3348/8/6 3349/8/6 3352/8/6
f 3349/7/6 3350/7/6 3352/7/6
f 3350/8/6 3351/8/6 3353/8/6
f 3352/7/6 3350/7/6 3353/7/6
f 3348/8/6 3352/8/6 3355/8/6
f 3352/8/6 3353/8/6 3355/8/6
f 3353/8/6 3351/8/6 3356/8/6
f 3355/8/6 3353/8/6 3356/8/6
f 3354/8/6 3355/8/6 3358/8/6
f 3356/8/6 3357/8/6 3358/8/6
f 3355/8/6 3356/8/6 3358/8/6
f 3358/8/6 3357/8/6 3359/8/6
f 3360/8/6 3361/8/6 3364/8/6
f 3364/8/6 3361/8/6 3365/8/6
f 3365/8/6 3361/8/6 3366/8/6
f 3362/8/6 3363/8/6 3369/8/6
f 3369/8/6 3363/8/6 3370/8/6
f 3370/8/6 3363/8/6 3371/8/6
f 3366/8/6 3367/8/6 3372/8/6
f 3365/8/6 3366/8/6 3372/8/6
f 3372/8/6 3367/8/6 3373/8/6
f 3369/8/6 3370/8/6 3374/8/6
f 3368/8/6 3369/8/6 3374/8/6
f 3374/8/6 3370/8/6 3375/8/6
f 3376/8/6 3377/8/6 3380/8/6
f 3372/7/6 3373/7/6 3382/7/6
f 3374/7/6 3375/7/6 3383/7/6
f 3378/8/6 3379/8/6 3385/8/6
f 3380/8/6 3381/8/6 3386/8/6
f 3376/8/6 3380/8/6 3386/8/6
f 3386/8/6 3381/8/6 3387/8/6
f 3384/8/6 3385/8/6 3388/8/6
f 3385/8/6 3379/8/6 3388/8/6
f 3388/8/6 3379/8/6 3389/8/6
f 3387/8/6 3381/8/6 3390/8/6
f 3381/7/6 3382/7/6 3391/7/6
f 3390/8/6 3381/8/6 3391/8/6
f 3382/7/6 3373/7/6 3392/7/6
f 3391/7/6 3382/7/6 3392/7/6
f 3383/7/6 3384/7/6 3393/7/6
f 3374/7/6 3383/7/6 3393/7/6
f 3384/8/6 3388/8/6 3394/8/6
f 3393/7/6 3384/7/6 3394/7/6
f 3394/8/6 3388/8/6 3395/8/6
f 3396/8/6 3397/8/6 3401/8/6
f 3398/8/6 3399/8/6 3402/8/6
f 3400/8/6 3401/8/6 3404/8/6
f 3401/8/6 3397/8/6 3404/8/6
f 3397/7/6 3398/7/6 3405/7/6
f 3404/8/6 3397/8/6 3405/8/6
f 3398/8/6 3402/8/6 3406/8/6
f 3405/7/6 3398/7/6 3406/7/6
f 3402/8/6 3403/8/6 3406/8/6
f 3406/8/6 3403/8/6 3407/8/6
f 3400/8/6 3404/8/6 3408/8/6
f 3408/8/6 3404/8/6 3409/8/6
f 3407/8/6 3403/8/6 3410/8/6
f 3410/8/6 3403/8/6 3411/8/6
f 3412/8/6 3413/8/6 3416/8/6
f 3416/8/6 3413/8/6 3417/8/6
f 3417/8/6 3413/8/6 3418/8/6
f 3414/8/6 3415/8/6 3421/8/6
f 3421/8/6 3415/8/6 3422/8/6
f 3422/8/6 3415/8/6 3423/8/6
f 3418/8/6 3419/8/6 3424/8/6
f 3417/8/6 3418/8/6 3424/8/6
f 3424/8/6 3419/8/6 3425/8/6
f 3421/8/6 3422/8/6 3426/8/6
f 3420/8/6 3421/8/6 3426/8/6
f 3426/8/6 3422/8/6 3427/8/6
f 3428/8/6 3429/8/6 3432/8/6
f 3424/7/6 3425/7/6 3434/7/6
f 3426/7/6 3427/7/6 3435/7/6
f 3430/8/6 3431/8/6 3437/8/6
f 3432/8/6 3433/8/6 3438/8/6
f 3428/8/6 3432/8/6 3438/8/6
f 3438/8/6 3433/8/6 3439/8/6
f 3436/8/6 3437/8/6 3440/8/6
f 3437/8/6 3431/8/6 3440/8/6
f 3440/8/6 3431/8/6 3441/8/6
f 3439/8/6 3433/8/6 3442/8/6
f 3433/7/6 3434/7/6 3443/7/6
f 3442/8/6 3433/8/6 3443/8/6
f 3434/7/6 3425/7/6 3444/7/6
f 3443/7/6 3434/7/6 3444/7/6
f 3435/7/6 3436/7/6 3445/7/6
f 3426/7/6 3435/7/6 3445/7/6
f 3436/8/6 3440/8/6 3446/8/6
f 3445/7/6 3436/7/6 3446/7/6
f 3446/8/6 3440/8/6 3447/8/6
f 3448/8/6 3449/8/6 3453/8/6
f 3450/8/6 3451/8/6 3454/8/6
f 3452/8/6 3453/8/6 3456/8/6
f 3453/8/6 3449/8/6 3456/8/6
f 3449/7/6 3450/7/6 3457/7/6
f 3456/8/6 3449/8/6 3457/8/6
f 3450/8/6 3454/8/6 3458/8/6
f 3457/7/6 3450/7/6 3458/7/6
f 3454/8/6 3455/8/6 3458/8/6
f 3458/8/6 3455/8/6 3459/8/6
f 3452/8/6 3456/8/6 3460/8/6
f 3460/8/6 3456/8/6 3461/8/6
f 3459/8/6 3455/8/6 3462/8/6
f 3462/8/6 3455/8/6 3463/8/6
f 3464/8/6 3465/8/6 3468/8/6
f 3468/8/6 3465/8/6 3469/8/6
f 3469/8/6 3465/8/6 3470/8/6
f 3466/8/6 3467/8/6 3473/8/6
f 3473/8/6 3467/8/6 3474/8/6
f 3474/8/6 3467/8/6 3475/8/6
f 3470/8/6 3471/8/6 3476/8/6
f 3469/8/6 3470/8/6 3476/8/6
f 3476/8/6 3471/8/6 3477/8/6
f 3473/8/6 3474/8/6 3478/8/6
f 3472/8/6 3473/8/6 3478/8/6
f 3478/8/6 3474/8/6 3479/8/6
f 3480/8/6 3481/8/6 3484/8/6
f 3476/7/6 3477/7/6 3486/7/6
f 3478/7/6 3479/7/6 3487/7/6
f 3482/8/6 3483/8/6 3489/8/6
f 3484/8/6 3485/8/6 3490/8/6
f 3480/8/6 3484/8/6 3490/8/6
f 3490/8/6 3485/8/6 3491/8/6
f 3488/8/6 3489/8/6 3492/8/6
f 3489/8/6 3483/8/6 3492/8/6
f 3492/8/6 3483/8/6 3493/8/6
f 3491/8/6 3485/8/6 3494/8/6
f 3485/7/6 3486/7/6 3495/7/6
f 3494/8/6 3485/8/6 3495/8/6
f 3486/7/6 3477/7/6 3496/7/6
f 3495/7/6 3486/7/6 3496/7/6
f 3487/7/6 3488/7/6 3497/7/6
f 3478/7/6 3487/7/6 3497/7/6
f 3488/8/6 3492/8/6 3498/8/6
f 3497/7/6 3488/7/6 3498/7/6
f 3498/8/6 3492/8/6 3499/8/6
f 3500/8/6 3501/8/6 3505/8/6
f 3502/8/6 3503/8/6 3506/8/6
f 3504/8/6 3505/8/6 3508/8/6
f 3505/8/6 3501/8/6 3508/8/6
f 3501/7/6 3502/7/6 3509/7/6
f 3508/8/6 3501/8/6 3509/8/6
f 3502/8/6 3506/8/6 3510/8/6
f 3509/7/6 3502/7/6 3510/7/6
f 3506/8/6 3507/8/6 3510/8/6
f 3510/8/6 3507/8/6 3511/8/6
f 3504/8/6 3508/8/6 3512/8/6
f 3512/8/6 3508/8/6 3513/8/6
f 3511/8/6 3507/8/6 3514/8/6
f 3514/8/6 3507/8/6 3515/8/6
f 3516/8/6 3517/8/6 3520/8/6
f 3520/8/6 3517/8/6 3521/8/6
f 3521/8/6 3517/8/6 3522/8/6
f 3518/8/6 3519/8/6 3525/8/6
f 3525/8/6 3519/8/6 3526/8/6
f 3526/8/6 3519/8/6 3527/8/6
f 3522/8/6 3523/8/6 3528/8/6
f 3521/8/6 3522/8/6 3528/8/6
f 3528/8/6 3523/8/6 3529/8/6
f 3525/8/6 3526/8/6 3530/8/6
f 3524/8/6 3525/8/6 3530/8/6
f 3530/8/6 3526/8/6 3531/8/6
f 3532/8/6 3533/8/6 3536/8/6
f 3528/7/6 3529/7/6 3538/7/6
f 3530/7/6 3531/7/6 3539/7/6
f 3534/8/6 3535/8/6 3541/8/6
f 3536/8/6 3537/8/6 3542/8/6
f 3532/8/6 3536/8/6 3542/8/6
f 3542/8/6 3537/8/6 3543/8/6
f 3540/8/6 3541/8/6 3544/8/6
f 3541/8/6 3535/8/6 3544/8/6
f 3544/8/6 3535/8/6 3545/8/6
f 3543/8/6 3537/8/6 3546/8/6
f 3537/7/6 3538/7/6 3547/7/6
f 3546/8/6 3537/8/6 3547/8/6
f 3538/7/6 3529/7/6 3548/7/6
f 3547/7/6 3538/7/6 3548/7/6
f 3539/7/6 3540/7/6 3549/7/6
f 3530/7/6 3539/7/6 3549/7/6
f 3540/8/6 3544/8/6 3550/8/6
f 3549/7/6 3540/7/6 3550/7/6
f 3550/8/6 3544/8/6 3551/8/6
f 3552/8/6 3553/8/6 3557/8/6
f 3554/8/6 3555/8/6 3558/8/6
f 3556/8/6 3557/8/6 3560/8/6
f 3557/8/6 3553/8/6 3560/8/6
f 3553/7/6 3554/7/6 3561/7/6
f 3560/8/6 3553/8/6 3561/8/6
f 3554/8/6 3558/8/6 3562/8/6
f 3561/7/6 3554/7/6 3562/7/6
f 3558/8/6 3559/8/6 3562/8/6
f 3562/8/6 3559/8/6 3563/8/6
f 3556/8/6 3560/8/6 3564/8/6
f 3564/8/6 3560/8/6 3565/8/6
f 3563/8/6 3559/8/6 3566/8/6
f 3566/8/6 3559/8/6 3567/8/6
f 3568/8/6 3569/8/6 3570/8/6
f 3570/8/6 3569/8/6 3571/8/6
f 3571/8/6 3569/8/6 3572/8/6
f 3572/8/6 3569/8/6 3573/8/6
f 3571/8/6 3572/8/6 3574/8/6
f 3574/8/6 3572/8/6 3575/8/6
f 3576/8/6 3577/8/6 3580/8/6
f 3574/7/6 3575/7/6 3582/7/6
f 3582/7/6 3575/7/6 3583/7/6
f 3578/8/6 3579/8/6 3585/8/6
f 3580/8/6 3581/8/6 3586/8/6
f 3576/8/6 3580/8/6 3586/8/6
f 3583/7/6 3584/7/6 3587/7/6
f 3586/8/6 3581/8/6 3587/8/6
f 3581/7/6 3582/7/6 3587/7/6
f 3582/7/6 3583/7/6 3587/7/6
f 3584/8/6 3585/8/6 3588/8/6
f 3587/7/6 3584/7/6 3588/7/6
f 3585/8/6 3579/8/6 3589/8/6
f 3588/8/6 3585/8/6 3589/8/6
f 3576/8/6 3586/8/6 3590/8/6
f 3590/8/6 3586/8/6 3591/8/6
f 3589/8/6 3579/8/6 3592/8/6
f 3592/8/6 3579/8/6 3593/8/6
